TaskID,TaskType,ArrivalHour,SourceRegion,MaxLatency_ms,GPU_Demand,DurationHours,LatestFinishHour,Status,AssignedRegion,StartHour,FinishHour,NetworkLatency_ms,ObjectiveScore,EstimatedCost_CNY,EstimatedCarbon_tCO2,EstimatedRenewableUsed_MWh
56,AITraining,2394,RegionE,150.0,19.0,4.0,2406.0,scheduled,RegionE,2394,2398.0,5.0,-854.205533596838,0.0,0.0,15.2
57,BatchInference,2390,RegionE,80.0,16.0,3.0,2406.0,scheduled,RegionE,2390,2393.0,5.0,-344.6521739130439,0.0,0.0,6.0
165,BatchInference,2390,RegionB,80.0,18.0,1.75,2406.0,scheduled,RegionE,2390,2391.75,74.0,-150.45948616600845,0.0,0.0,3.9375
205,BatchInference,2385,RegionB,80.0,6.0,4.916666666666667,2406.0,scheduled,RegionB,2388,2392.9166666666665,5.0,-170.20299145298205,0.0,0.0,3.9824999999998782
235,RealTimeInference,2378,RegionE,20.0,2.0,0.4666666666666667,2379.0,scheduled,RegionE,2378,2378.4666666666667,5.0,-0.4794466403164363,0.0,0.0,0.0933333333333394
315,BatchInference,2392,RegionA,80.0,17.0,1.45,2406.0,scheduled,RegionA,2398,2399.45,5.0,-95.63960317457956,0.0,0.0,3.327749999999583
403,BatchInference,2382,RegionD,80.0,13.0,2.1166666666666667,2406.0,scheduled,RegionD,2382,2384.116666666667,5.0,-202.97745652175132,0.0,0.0,3.5221333333335356
583,BatchInference,2388,RegionA,80.0,12.0,3.9166666666666665,2406.0,scheduled,RegionA,2388,2391.9166666666665,5.0,-274.6238095237925,0.0,0.0,6.3449999999997555
701,BatchInference,2397,RegionF,80.0,21.0,1.75,2406.0,scheduled,RegionF,2397,2398.75,5.0,-166.46978260869577,0.0,0.0,4.667250000000001
1055,AITraining,2378,RegionF,150.0,113.0,5.65,2406.0,scheduled,RegionC,2395,2400.65,76.0,-8326.185600000137,0.0,0.0,140.96976000000228
1096,RealTimeInference,2389,RegionA,20.0,1.0,4.833333333333333,2394.0,scheduled,RegionA,2389,2393.8333333333335,5.0,-23.09777777777871,0.0,0.0,0.5220000000000165
1136,BatchInference,2390,RegionB,80.0,12.0,3.033333333333333,2406.0,scheduled,RegionB,2398,2401.0333333333333,5.0,-200.07589743589705,0.0,0.0,4.913999999999952
1234,BatchInference,2385,RegionB,80.0,9.0,5.566666666666666,2406.0,scheduled,RegionB,2397,2402.5666666666666,5.0,-363.3535897435879,0.0,0.0,6.763499999999927
1264,AITraining,2388,RegionF,150.0,113.0,4.7,2406.0,scheduled,RegionD,2397,2401.7,25.0,-6453.761419564966,0.0,0.0,108.7692799999958
1371,AITraining,2392,RegionC,150.0,18.0,5.583333333333333,2406.0,scheduled,RegionB,2395,2400.5833333333335,14.0,-1170.8526495726803,0.0,0.0,21.708000000000588
1455,AITraining,2399,RegionF,150.0,37.0,2.7333333333333334,2406.0,scheduled,RegionF,2399,2401.733333333333,5.0,5352.833602318937,1954.7839999999999,2.10590384,13.031893333331737
1540,AITraining,2377,RegionF,150.0,98.0,4.866666666666666,2406.0,scheduled,RegionC,2388,2392.866666666667,76.0,-6142.953540740897,0.0,0.0,105.30688000000261
1664,BatchInference,2383,RegionE,80.0,14.0,2.183333333333333,2406.0,scheduled,RegionE,2385,2387.1833333333334,5.0,-220.57411067194315,0.0,0.0,3.82083333333344
1843,RealTimeInference,2394,RegionA,20.0,1.0,0.8166666666666667,2395.0,scheduled,RegionA,2394,2394.8166666666666,5.0,6.250857142857517,0.0,0.0,0.08819999999999346
2055,AITraining,2386,RegionD,150.0,116.0,2.6666666666666665,2406.0,scheduled,RegionA,2392,2394.6666666666665,65.0,-3852.0869841267613,0.0,0.0,66.81599999999621
2167,AITraining,2390,RegionD,150.0,57.0,4.15,2406.0,scheduled,RegionD,2395,2399.15,5.0,-2851.6312913044108,0.0,0.0,48.44544000000107
2374,BatchInference,2387,RegionA,80.0,7.0,0.65,2406.0,scheduled,RegionA,2387,2387.65,5.0,24.595793650789467,0.0,0.0,0.614250000000086
2412,RealTimeInference,2392,RegionC,20.0,2.0,4.266666666666667,2397.0,scheduled,RegionC,2392,2396.266666666667,5.0,-47.565540740743565,0.0,0.0,0.9420800000000469
2473,AITraining,2398,RegionC,150.0,16.0,5.833333333333333,2406.0,scheduled,RegionD,2398,2403.8333333333335,58.0,-1003.1558152174185,0.0,0.0,19.114666666667162
2508,RealTimeInference,2378,RegionB,20.0,1.0,4.65,2383.0,scheduled,RegionB,2378,2382.65,5.0,-23.30635897435964,0.0,0.0,0.5022000000000099
2517,AITraining,2392,RegionF,150.0,30.0,2.7333333333333334,2406.0,scheduled,RegionF,2398,2400.733333333333,5.0,-968.1208115941268,0.0,0.0,16.662399999998705
2648,BatchInference,2397,RegionE,80.0,19.0,3.183333333333333,2406.0,scheduled,RegionE,2397,2400.1833333333334,5.0,-8.483143939287459,107.54791666670225,0.10319375000003414,7.125
2763,BatchInference,2379,RegionB,80.0,15.0,3.75,2406.0,scheduled,RegionA,2394,2397.75,12.0,-433.52023809523814,0.0,0.0,7.593750000000001
3113,BatchInference,2387,RegionD,80.0,15.0,6.233333333333333,2406.0,scheduled,RegionD,2399,2405.233333333333,5.0,-709.9047282608449,0.0,0.0,11.967999999999591
3444,RealTimeInference,2378,RegionA,20.0,7.0,1.7166666666666666,2380.0,scheduled,RegionA,2378,2379.7166666666667,5.0,-67.39180952381082,0.0,0.0,1.2978000000000232
3455,RealTimeInference,2386,RegionC,20.0,1.0,2.8666666666666667,2389.0,scheduled,RegionC,2386,2388.866666666667,5.0,-11.848059259259681,0.0,0.0,0.31648000000001336
3498,RealTimeInference,2376,RegionB,20.0,2.0,1.1833333333333333,2378.0,scheduled,RegionB,2376,2377.1833333333334,5.0,-9.925743589744378,0.0,0.0,0.25560000000001315
3566,BatchInference,2392,RegionE,80.0,9.0,0.9,2406.0,scheduled,RegionE,2395,2395.9,5.0,-42.483201581033825,0.0,0.0,1.0125000000001023
3736,BatchInference,2396,RegionD,80.0,19.0,6.6,2406.0,scheduled,RegionE,2397,2403.6,22.0,-898.3003952569035,0.0,0.0,15.674999999999784
3782,AITraining,2390,RegionE,150.0,89.0,5.766666666666667,2406.0,scheduled,RegionD,2393,2398.766666666667,22.0,-6250.882939130665,0.0,0.0,105.11018666667053
3809,AITraining,2376,RegionF,150.0,32.0,1.6333333333333333,2406.0,scheduled,RegionF,2376,2377.633333333333,5.0,-628.2600447204496,0.0,0.0,10.62058666666588
3928,BatchInference,2397,RegionF,80.0,4.0,3.033333333333333,2406.0,scheduled,RegionF,2397,2400.0333333333333,5.0,26.640451097296193,4.402666666662663,0.004743026666662354,1.524
3948,RealTimeInference,2382,RegionF,20.0,1.0,5.5,2388.0,scheduled,RegionF,2382,2387.5,5.0,-28.403776397515525,0.0,0.0,0.5588
4060,BatchInference,2383,RegionA,80.0,8.0,2.8,2406.0,scheduled,RegionC,2383,2385.8,15.0,-117.54237037038189,0.0,0.0,3.0912000000002005
4113,BatchInference,2391,RegionA,80.0,15.0,4.2,2406.0,scheduled,RegionC,2391,2395.2,15.0,-387.5511111110869,0.0,0.0,8.693999999999622
4202,AITraining,2377,RegionE,150.0,94.0,4.666666666666667,2406.0,scheduled,RegionC,2392,2396.6666666666665,70.0,-5623.722666666477,0.0,0.0,96.85759999999685
4316,RealTimeInference,2377,RegionA,20.0,5.0,4.366666666666666,2382.0,scheduled,RegionA,2377,2381.366666666667,5.0,-134.95619047619442,0.0,0.0,2.358000000000066
4353,AITraining,2398,RegionE,150.0,21.0,3.7,2406.0,scheduled,RegionF,2399,2402.7,18.0,2841.036965962779,1109.472,1.19524272,11.521439999999224
4354,RealTimeInference,2390,RegionC,20.0,4.0,5.95,2396.0,scheduled,RegionC,2390,2395.95,5.0,-147.19194074073573,0.0,0.0,2.6275199999999197
4418,BatchInference,2398,RegionD,80.0,11.0,4.233333333333333,2406.0,scheduled,RegionE,2398,2402.233333333333,22.0,849.0271739130624,339.625,0.32587499999999997,4.4458333333330415
4590,RealTimeInference,2382,RegionC,20.0,5.0,3.45,2386.0,scheduled,RegionC,2382,2385.45,5.0,-102.81955555554951,0.0,0.0,1.9043999999998993
4599,AITraining,2385,RegionD,150.0,34.0,2.1666666666666665,2406.0,scheduled,RegionD,2389,2391.1666666666665,5.0,-892.0515978260232,0.0,0.0,15.08693333333228
4611,BatchInference,2393,RegionA,80.0,15.0,2.05,2406.0,scheduled,RegionE,2396,2398.05,78.0,-141.73369565219448,0.0,0.0,3.843750000000341
4848,BatchInference,2394,RegionB,80.0,17.0,3.6,2406.0,scheduled,RegionB,2397,2400.6,5.0,-374.2892307692209,0.0,0.0,8.261999999999793
4851,BatchInference,2390,RegionD,80.0,8.0,3.8333333333333335,2406.0,scheduled,RegionE,2390,2393.8333333333335,22.0,-199.7648221343961,0.0,0.0,3.833333333333485
4886,RealTimeInference,2398,RegionF,20.0,3.0,3.3333333333333335,2402.0,scheduled,RegionF,2398,2401.3333333333335,5.0,-55.587329192549355,0.0,0.0,1.0160000000000462
4930,AITraining,2391,RegionE,150.0,50.0,5.866666666666666,2406.0,scheduled,RegionD,2391,2396.866666666667,22.0,-3544.6756521739862,0.0,0.0,60.07466666666791
4943,RealTimeInference,2391,RegionC,20.0,4.0,3.0,2394.0,scheduled,RegionC,2391,2394.0,5.0,-69.25096296296277,0.0,0.0,1.3248
5138,RealTimeInference,2396,RegionB,20.0,1.0,5.266666666666667,2402.0,scheduled,RegionB,2396,2401.266666666667,5.0,-25.722871794873473,0.0,0.0,0.568800000000023
5272,RealTimeInference,2398,RegionC,20.0,4.0,4.35,2403.0,scheduled,RegionC,2398,2402.35,5.0,-108.10945185184958,0.0,0.0,1.9209599999999598
5277,AITraining,2385,RegionE,150.0,64.0,1.4666666666666666,2406.0,scheduled,RegionD,2396,2397.4666666666667,22.0,-1120.0069695652408,0.0,0.0,19.22389333333373
5435,AITraining,2395,RegionE,150.0,116.0,2.95,2406.0,scheduled,RegionD,2395,2397.95,22.0,-4065.1954478258262,0.0,0.0,70.08255999999568
5663,RealTimeInference,2393,RegionB,20.0,6.0,4.25,2398.0,scheduled,RegionB,2393,2397.25,5.0,-156.1921367521368,0.0,0.0,2.754
5727,AITraining,2389,RegionD,150.0,82.0,2.316666666666667,2406.0,scheduled,RegionB,2398,2400.3166666666666,60.0,-2293.7423589742975,0.0,0.0,41.032799999998936
5845,AITraining,2382,RegionD,150.0,26.0,1.5166666666666666,2406.0,scheduled,RegionD,2382,2383.516666666667,5.0,-473.6396804348501,0.0,0.0,8.075946666667797
6052,AITraining,2380,RegionF,150.0,92.0,4.95,2406.0,scheduled,RegionB,2399,2403.95,79.0,-5798.983999999784,0.0,0.0,98.3663999999964
6232,RealTimeInference,2389,RegionA,20.0,5.0,6.0,2395.0,scheduled,RegionA,2389,2395.0,5.0,-185.22539682539679,0.0,0.0,3.24
6235,RealTimeInference,2392,RegionB,20.0,1.0,1.7333333333333334,2394.0,scheduled,RegionB,2392,2393.733333333333,5.0,-3.6166153846140108,0.0,0.0,0.1871999999999771
6323,BatchInference,2388,RegionA,80.0,5.0,2.3666666666666667,2406.0,scheduled,RegionE,2388,2390.366666666667,78.0,-3.2282608695700805,0.0,0.0,1.4791666666667425
6392,BatchInference,2397,RegionD,80.0,5.0,4.783333333333333,2406.0,scheduled,RegionE,2397,2401.7833333333333,22.0,-77.85326086956265,0.0,0.0,2.9895833333333144
6423,RealTimeInference,2377,RegionA,20.0,7.0,4.383333333333334,2382.0,scheduled,RegionA,2377,2381.383333333333,5.0,-190.97085714285168,0.0,0.0,3.313799999999909
6438,AITraining,2394,RegionE,150.0,98.0,4.95,2406.0,scheduled,RegionD,2394,2398.95,22.0,-5845.706354347606,0.0,0.0,99.34847999999634
6481,RealTimeInference,2377,RegionA,20.0,6.0,6.45,2384.0,scheduled,RegionA,2377,2383.45,5.0,-241.77599999999296,0.0,0.0,4.1795999999998825
6507,AITraining,2378,RegionC,150.0,17.0,5.35,2406.0,scheduled,RegionC,2382,2387.35,5.0,-1166.2055999999798,0.0,0.0,20.081759999999658
6508,BatchInference,2394,RegionB,80.0,23.0,4.983333333333333,2406.0,scheduled,RegionB,2396,2400.983333333333,5.0,-804.0992735042361,0.0,0.0,15.473249999999343
6767,AITraining,2395,RegionF,150.0,29.0,0.7,2406.0,scheduled,RegionF,2395,2395.7,5.0,-173.35888364382998,0.0,0.0,4.124959999998928
6876,AITraining,2391,RegionD,150.0,52.0,6.5,2406.0,scheduled,RegionB,2391,2397.5,60.0,-4207.027008547009,0.0,0.0,73.00800000000001
7165,RealTimeInference,2397,RegionB,20.0,5.0,4.633333333333334,2402.0,scheduled,RegionB,2397,2401.633333333333,5.0,-140.68239316238927,0.0,0.0,2.501999999999935
7372,AITraining,2395,RegionF,150.0,104.0,4.1,2406.0,scheduled,RegionF,2395,2399.1,5.0,-5097.656377639637,0.0,0.0,86.64447999999808
7403,BatchInference,2376,RegionD,80.0,10.0,6.233333333333333,2406.0,scheduled,RegionD,2389,2395.233333333333,5.0,-472.7417391304185,0.0,0.0,7.9786666666663955
7484,RealTimeInference,2393,RegionA,20.0,3.0,3.95,2397.0,scheduled,RegionA,2393,2396.95,5.0,-67.43879365079007,0.0,0.0,1.279799999999941
7530,RealTimeInference,2398,RegionA,20.0,5.0,1.1666666666666667,2400.0,scheduled,RegionA,2398,2399.1666666666665,5.0,-27.34920634920151,0.0,0.0,0.6299999999999182
7542,RealTimeInference,2382,RegionD,20.0,7.0,0.6833333333333333,2383.0,scheduled,RegionD,2382,2382.6833333333334,5.0,-23.50972391304606,0.0,0.0,0.4898133333333769
7857,AITraining,2399,RegionF,150.0,115.0,1.2833333333333334,2406.0,scheduled,RegionC,2404,2405.2833333333333,76.0,998159.3456296297,0.0,0.0,32.58639999999923
7874,BatchInference,2396,RegionC,80.0,21.0,0.45,2406.0,scheduled,RegionC,2398,2398.45,5.0,25.52066666670099,0.0,0.0,1.3040999999994727
7890,RealTimeInference,2399,RegionE,20.0,4.0,4.416666666666667,2404.0,scheduled,RegionE,2399,2403.4166666666665,5.0,-100.52569169960113,0.0,0.0,1.7666666666666062
7902,BatchInference,2376,RegionE,80.0,11.0,0.43333333333333335,2406.0,scheduled,RegionE,2376,2376.4333333333334,5.0,-30.184782608700576,0.0,0.0,0.5958333333334167
7973,AITraining,2379,RegionE,150.0,70.0,1.1166666666666667,2406.0,scheduled,RegionD,2395,2396.116666666667,22.0,-932.2620000001046,0.0,0.0,16.008533333335073
8294,BatchInference,2395,RegionC,80.0,8.0,1.0333333333333334,2406.0,scheduled,RegionC,2398,2399.0333333333333,5.0,31.75940740741237,0.0,0.0,1.1407999999999663
8353,RealTimeInference,2386,RegionB,20.0,5.0,1.25,2388.0,scheduled,RegionB,2386,2387.25,5.0,-30.344444444444747,0.0,0.0,0.675
8745,BatchInference,2398,RegionB,80.0,21.0,2.1,2406.0,scheduled,RegionE,2398,2400.1,74.0,63.80844861642721,64.83749999994103,0.06221249999994342,5.25
8760,AITraining,2390,RegionE,150.0,44.0,4.583333333333333,2406.0,scheduled,RegionF,2397,2401.5833333333335,18.0,-2424.655817805466,0.0,0.0,40.97866666666802
8915,AITraining,2392,RegionD,150.0,97.0,0.8166666666666667,2406.0,scheduled,RegionD,2394,2394.8166666666666,5.0,-906.8695630434049,0.0,0.0,16.22357333333213
8972,RealTimeInference,2398,RegionD,20.0,2.0,4.1,2403.0,scheduled,RegionD,2398,2402.1,5.0,-45.099549999998935,0.0,0.0,0.8396799999999814
9168,RealTimeInference,2387,RegionC,20.0,3.0,2.35,2390.0,scheduled,RegionC,2387,2389.35,5.0,-38.66586666666483,0.0,0.0,0.7783199999999697
9267,BatchInference,2376,RegionE,80.0,7.0,0.36666666666666664,2406.0,scheduled,RegionE,2387,2387.366666666667,5.0,-13.576086956527995,0.0,0.0,0.3208333333334395
9415,AITraining,2376,RegionD,150.0,119.0,1.4666666666666666,2406.0,scheduled,RegionC,2382,2383.4666666666667,58.0,-2196.4027851852293,0.0,0.0,38.536960000000796
9535,AITraining,2387,RegionE,150.0,58.0,5.633333333333334,2406.0,scheduled,RegionB,2393,2398.633333333333,74.0,-4107.629811965723,0.0,0.0,70.57439999999848
9572,AITraining,2398,RegionD,150.0,123.0,6.066666666666666,2406.0,scheduled,RegionE,2398,2404.0666666666666,22.0,-8893.583794466313,0.0,0.0,149.2399999999985
9585,RealTimeInference,2381,RegionB,20.0,7.0,2.033333333333333,2384.0,scheduled,RegionB,2381,2383.0333333333333,5.0,-84.0832820512808,0.0,0.0,1.5371999999999773
9591,AITraining,2378,RegionD,150.0,27.0,3.183333333333333,2406.0,scheduled,RegionD,2396,2399.1833333333334,5.0,-1048.5815891304549,0.0,0.0,17.602560000000334
9621,RealTimeInference,2399,RegionC,20.0,6.0,1.3333333333333333,2401.0,scheduled,RegionC,2399,2400.3333333333335,5.0,-43.769777777783794,0.0,0.0,0.8832000000001002
9845,AITraining,2379,RegionF,150.0,102.0,0.9166666666666666,2406.0,scheduled,RegionF,2379,2379.9166666666665,5.0,-1123.0886459625463,0.0,0.0,18.999199999996858
9850,BatchInference,2387,RegionE,80.0,13.0,5.733333333333333,2406.0,scheduled,RegionE,2399,2404.733333333333,5.0,-551.2450592885166,0.0,0.0,9.316666666666322
9936,RealTimeInference,2385,RegionC,20.0,5.0,1.5166666666666666,2387.0,scheduled,RegionC,2385,2386.516666666667,5.0,-39.84681481482209,0.0,0.0,0.8372000000001171
10184,BatchInference,2390,RegionD,80.0,15.0,2.783333333333333,2406.0,scheduled,RegionE,2393,2395.7833333333333,22.0,-280.2297430830005,0.0,0.0,5.218749999999943
10275,AITraining,2386,RegionE,150.0,38.0,2.0833333333333335,2406.0,scheduled,RegionD,2397,2399.0833333333335,22.0,-942.0323369565926,0.0,0.0,16.213333333334514
10284,BatchInference,2396,RegionF,80.0,14.0,2.283333333333333,2406.0,scheduled,RegionF,2396,2398.2833333333333,5.0,-138.56115527949993,0.0,0.0,4.059766666666613
10306,AITraining,2384,RegionD,150.0,68.0,4.533333333333333,2406.0,scheduled,RegionB,2384,2388.5333333333333,60.0,-3870.602666666641,0.0,0.0,66.58559999999957
10407,RealTimeInference,2389,RegionC,20.0,7.0,2.3666666666666667,2392.0,scheduled,RegionC,2389,2391.366666666667,5.0,-98.24130370370898,0.0,0.0,1.8289600000000938
10504,BatchInference,2396,RegionC,80.0,4.0,1.15,2406.0,scheduled,RegionC,2398,2399.15,5.0,63.00829629629624,0.0,0.0,0.6348000000000501
10622,BatchInference,2379,RegionC,80.0,23.0,5.566666666666666,2406.0,scheduled,RegionC,2384,2389.5666666666666,5.0,-1017.2604444444329,0.0,0.0,17.668599999999806
10704,AITraining,2382,RegionF,150.0,110.0,1.0833333333333333,2406.0,scheduled,RegionF,2382,2383.0833333333335,5.0,-1432.973167702067,0.0,0.0,24.21466666667006
11216,BatchInference,2379,RegionA,80.0,20.0,5.116666666666666,2406.0,scheduled,RegionA,2399,2404.116666666667,5.0,-815.233333333353,0.0,0.0,13.815000000000328
11304,AITraining,2383,RegionD,150.0,112.0,1.1666666666666667,2406.0,scheduled,RegionD,2384,2385.1666666666665,5.0,-1588.8167826084868,0.0,0.0,26.76053333332986
11351,BatchInference,2394,RegionD,80.0,16.0,4.35,2406.0,scheduled,RegionE,2394,2398.35,22.0,-445.89130434781487,0.0,0.0,8.699999999999818
11360,RealTimeInference,2384,RegionE,20.0,3.0,6.566666666666666,2391.0,scheduled,RegionE,2384,2390.5666666666666,5.0,-112.13280632410958,0.0,0.0,1.9699999999999818
11383,BatchInference,2380,RegionC,80.0,22.0,1.85,2406.0,scheduled,RegionA,2395,2396.85,15.0,-287.86682539680913,0.0,0.0,5.49449999999973
11780,BatchInference,2398,RegionF,80.0,21.0,0.5833333333333334,2406.0,scheduled,RegionF,2398,2398.5833333333335,5.0,27.00075569355718,0.0,0.0,1.5557500000004043
11834,BatchInference,2386,RegionB,80.0,19.0,5.866666666666666,2406.0,scheduled,RegionB,2393,2398.866666666667,5.0,-856.9432478632688,0.0,0.0,15.048000000000314
11877,RealTimeInference,2382,RegionC,20.0,7.0,1.3833333333333333,2384.0,scheduled,RegionC,2382,2383.383333333333,5.0,-51.14239999999438,0.0,0.0,1.0690399999999063
11961,AITraining,2376,RegionE,150.0,111.0,4.1,2406.0,scheduled,RegionC,2394,2398.1,70.0,-5860.038874073942,0.0,0.0,100.48607999999777
11993,BatchInference,2382,RegionC,80.0,15.0,3.933333333333333,2406.0,scheduled,RegionB,2382,2385.9333333333334,14.0,-415.28461538462284,0.0,0.0,7.965000000000124
12025,RealTimeInference,2387,RegionA,20.0,2.0,0.65,2388.0,scheduled,RegionA,2387,2387.65,5.0,1.3537777777766271,0.0,0.0,0.14040000000001965
12181,AITraining,2381,RegionC,150.0,68.0,2.3666666666666667,2406.0,scheduled,RegionA,2391,2393.366666666667,15.0,-2042.7912380953449,0.0,0.0,34.761600000001785
12184,BatchInference,2393,RegionD,80.0,5.0,0.25,2406.0,scheduled,RegionE,2395,2395.25,22.0,26.040019762845837,0.0,0.0,0.15625
12397,AITraining,2391,RegionA,150.0,101.0,0.6166666666666667,2406.0,scheduled,RegionC,2393,2393.616666666667,15.0,-695.222192592749,0.0,0.0,13.752160000002704
12431,BatchInference,2396,RegionB,80.0,17.0,3.283333333333333,2406.0,scheduled,RegionB,2397,2400.2833333333333,5.0,-327.19705128204976,0.0,0.0,7.535249999999932
12444,RealTimeInference,2394,RegionA,20.0,1.0,4.483333333333333,2399.0,scheduled,RegionA,2394,2398.483333333333,5.0,-17.31866666666531,0.0,0.0,0.48419999999997715
12481,RealTimeInference,2395,RegionC,20.0,5.0,2.9166666666666665,2398.0,scheduled,RegionC,2395,2397.9166666666665,5.0,-87.86666666666179,0.0,0.0,1.6099999999999162
12755,AITraining,2383,RegionE,150.0,51.0,3.05,2406.0,scheduled,RegionD,2386,2389.05,22.0,-1882.2380739131575,0.0,0.0,31.856640000001903
12791,BatchInference,2383,RegionA,80.0,4.0,0.8666666666666667,2406.0,scheduled,RegionA,2385,2385.866666666667,5.0,7.770793650789901,0.0,0.0,0.46800000000006553
13174,RealTimeInference,2394,RegionB,20.0,6.0,0.16666666666666666,2395.0,scheduled,RegionB,2394,2394.1666666666665,5.0,4.0584615384672444,0.0,0.0,0.10799999999990179
13251,RealTimeInference,2395,RegionA,20.0,6.0,0.7833333333333333,2396.0,scheduled,RegionA,2395,2395.7833333333333,5.0,-20.367111111109843,0.0,0.0,0.5075999999999804
13331,RealTimeInference,2383,RegionB,20.0,1.0,0.8166666666666667,2384.0,scheduled,RegionB,2383,2383.8166666666666,5.0,1.7832136752139984,0.0,0.0,0.08819999999999346
13376,AITraining,2394,RegionD,150.0,53.0,2.3833333333333333,2406.0,scheduled,RegionE,2394,2396.383333333333,22.0,-1443.9778656125702,0.0,0.0,25.26333333333205
13381,RealTimeInference,2398,RegionA,20.0,6.0,2.0833333333333335,2401.0,scheduled,RegionA,2398,2400.0833333333335,5.0,-69.40634920635517,0.0,0.0,1.3500000000000982
13505,RealTimeInference,2382,RegionE,20.0,6.0,4.283333333333333,2387.0,scheduled,RegionE,2382,2386.2833333333333,5.0,-148.48853754940603,0.0,0.0,2.5699999999999816
13587,AITraining,2381,RegionD,150.0,23.0,6.533333333333333,2406.0,scheduled,RegionC,2390,2396.5333333333333,58.0,-1919.62168888888,0.0,0.0,33.17887999999985
13747,AITraining,2389,RegionF,150.0,41.0,6.6,2406.0,scheduled,RegionB,2389,2395.6,79.0,-3325.189675213628,0.0,0.0,58.44959999999921
13836,AITraining,2391,RegionD,150.0,40.0,6.4,2406.0,scheduled,RegionD,2399,2405.4,5.0,-3123.1695760870016,0.0,0.0,52.42880000000075
14305,RealTimeInference,2391,RegionD,20.0,2.0,4.666666666666667,2396.0,scheduled,RegionD,2391,2395.6666666666665,5.0,-52.18095652173727,0.0,0.0,0.9557333333333023
14327,BatchInference,2394,RegionB,80.0,21.0,5.55,2406.0,scheduled,RegionD,2394,2399.55,60.0,-752.1787282608966,0.0,0.0,14.91840000000049
14405,BatchInference,2379,RegionA,80.0,18.0,2.5833333333333335,2406.0,scheduled,RegionA,2389,2391.5833333333335,5.0,-356.443650793673,0.0,0.0,6.277500000000369
14419,AITraining,2379,RegionD,150.0,104.0,6.433333333333334,2406.0,scheduled,RegionC,2383,2389.4333333333334,58.0,-8774.76186666675,0.0,0.0,147.72992000000139
14578,AITraining,2396,RegionE,150.0,31.0,6.25,2406.0,scheduled,RegionF,2399,2405.25,18.0,-2299.5850931677005,0.0,0.0,39.370000000000005
14619,AITraining,2394,RegionF,150.0,117.0,6.616666666666666,2406.0,scheduled,RegionD,2394,2400.616666666667,25.0,-9413.271504347998,0.0,0.0,158.5459200000029
14622,BatchInference,2386,RegionB,80.0,23.0,3.6666666666666665,2406.0,scheduled,RegionA,2386,2389.6666666666665,12.0,-604.5476190475945,0.0,0.0,11.38499999999953
14647,BatchInference,2376,RegionA,80.0,11.0,1.2333333333333334,2406.0,scheduled,RegionA,2376,2377.233333333333,5.0,-96.97253968252124,0.0,0.0,1.8314999999996853
14669,RealTimeInference,2385,RegionB,20.0,6.0,4.616666666666666,2390.0,scheduled,RegionB,2385,2389.616666666667,5.0,-170.68745299145783,0.0,0.0,2.9916000000000786
14749,AITraining,2389,RegionE,150.0,97.0,3.15,2406.0,scheduled,RegionF,2393,2396.15,18.0,-3686.222121739238,0.0,0.0,62.08776000000179
14772,BatchInference,2382,RegionA,80.0,12.0,5.116666666666666,2406.0,scheduled,RegionA,2398,2403.116666666667,5.0,-460.05428571429763,0.0,0.0,8.289000000000199
14780,AITraining,2377,RegionD,150.0,32.0,4.483333333333333,2406.0,scheduled,RegionC,2377,2381.483333333333,58.0,-1795.5352888887987,0.0,0.0,31.677439999998498
14844,AITraining,2396,RegionB,150.0,51.0,4.15,2406.0,scheduled,RegionE,2396,2400.15,74.0,-2388.768379446694,0.0,0.0,42.33000000000092
14868,AITraining,2396,RegionF,150.0,22.0,6.45,2406.0,scheduled,RegionF,2396,2402.45,5.0,-1677.696973912993,0.0,0.0,28.834079999999183
15175,RealTimeInference,2396,RegionB,20.0,6.0,2.9166666666666665,2399.0,scheduled,RegionB,2396,2398.9166666666665,5.0,-103.76410256409699,0.0,0.0,1.889999999999902
15185,RealTimeInference,2382,RegionA,20.0,1.0,0.8833333333333333,2383.0,scheduled,RegionA,2382,2382.883333333333,5.0,3.063301587302349,0.0,0.0,0.09539999999998691
15242,BatchInference,2399,RegionE,80.0,7.0,4.05,2406.0,scheduled,RegionE,2399,2403.05,5.0,576.7094861659998,216.12500000000003,0.207375,2.6687500000001596
15675,AITraining,2390,RegionF,150.0,87.0,2.9833333333333334,2406.0,scheduled,RegionF,2390,2392.983333333333,5.0,-3130.5412604552616,0.0,0.0,52.74055999999625
15694,AITraining,2386,RegionE,150.0,63.0,2.8666666666666667,2406.0,scheduled,RegionD,2391,2393.866666666667,22.0,-2185.093234782703,0.0,0.0,36.98688000000156
15916,AITraining,2397,RegionE,150.0,81.0,3.3833333333333333,2406.0,scheduled,RegionE,2397,2400.383333333333,5.0,1733.8420158088416,1533.869999999515,1.4717699999995346,48.60000000000001
15921,AITraining,2394,RegionD,150.0,127.0,3.9166666666666665,2406.0,scheduled,RegionD,2394,2397.9166666666665,5.0,-5998.954369564979,0.0,0.0,101.87093333332939
16024,RealTimeInference,2392,RegionF,20.0,1.0,3.35,2396.0,scheduled,RegionF,2392,2395.35,5.0,-15.297376397514975,0.0,0.0,0.3403599999999908
16041,RealTimeInference,2394,RegionB,20.0,5.0,0.9166666666666666,2395.0,scheduled,RegionB,2394,2394.9166666666665,5.0,-18.221367521362957,0.0,0.0,0.4949999999999182
16109,BatchInference,2389,RegionF,80.0,7.0,2.9166666666666665,2406.0,scheduled,RegionF,2389,2391.9166666666665,5.0,-132.49011387162741,0.0,0.0,2.5929166666665324
16116,BatchInference,2382,RegionA,80.0,7.0,5.333333333333333,2406.0,scheduled,RegionA,2382,2387.3333333333335,5.0,-265.84126984127835,0.0,0.0,5.040000000000144
16146,AITraining,2378,RegionE,150.0,60.0,0.3,2406.0,scheduled,RegionE,2387,2387.3,5.0,-208.19169960487264,0.0,0.0,3.600000000002183
16274,BatchInference,2388,RegionA,80.0,21.0,6.05,2406.0,scheduled,RegionA,2398,2404.05,5.0,-930.0383333333616,0.0,0.0,17.15175000000052
16345,BatchInference,2393,RegionF,80.0,9.0,3.2333333333333334,2406.0,scheduled,RegionF,2393,2396.233333333333,5.0,-194.58050931675592,0.0,0.0,3.695699999999758
16494,BatchInference,2395,RegionD,80.0,22.0,2.683333333333333,2406.0,scheduled,RegionE,2395,2397.6833333333334,22.0,-345.77766798419964,0.0,0.0,7.379166666666833
16513,AITraining,2390,RegionE,150.0,107.0,5.833333333333333,2406.0,scheduled,RegionD,2399,2404.8333333333335,22.0,-7612.1037500002,0.0,0.0,127.82933333333668
16699,AITraining,2393,RegionF,150.0,127.0,1.7,2406.0,scheduled,RegionF,2394,2395.7,5.0,-2584.7062161487875,0.0,0.0,43.87087999999531
16844,RealTimeInference,2399,RegionF,20.0,1.0,0.85,2400.0,scheduled,RegionF,2399,2399.85,5.0,0.2966608695657608,0.0,0.0,0.08635999999999075
16950,RealTimeInference,2384,RegionA,20.0,6.0,2.533333333333333,2387.0,scheduled,RegionA,2384,2386.5333333333333,5.0,-87.09599999999858,0.0,0.0,1.6415999999999804
17044,BatchInference,2389,RegionC,80.0,6.0,0.6,2406.0,scheduled,RegionE,2389,2389.6,70.0,52.00395256917417,0.0,0.0,0.44999999999993184
17052,RealTimeInference,2398,RegionC,20.0,2.0,0.55,2399.0,scheduled,RegionC,2398,2398.55,5.0,0.10619259259012859,0.0,0.0,0.12144000000004017
17181,AITraining,2387,RegionD,150.0,82.0,1.7,2406.0,scheduled,RegionD,2394,2395.7,5.0,-1692.6428521737282,0.0,0.0,28.549119999996947
17233,AITraining,2390,RegionD,150.0,122.0,3.8,2406.0,scheduled,RegionD,2390,2393.8,5.0,-5626.553756522011,0.0,0.0,94.94528000000454
17421,BatchInference,2398,RegionF,80.0,15.0,2.35,2406.0,scheduled,RegionE,2398,2400.35,18.0,387.41835474295925,162.09374999995788,0.15553124999995957,3.75
17466,BatchInference,2380,RegionE,80.0,20.0,3.85,2406.0,scheduled,RegionE,2388,2391.85,5.0,-569.7727272727136,0.0,0.0,9.624999999999773
17673,AITraining,2392,RegionD,150.0,124.0,6.616666666666666,2406.0,scheduled,RegionD,2392,2398.616666666667,5.0,-10051.481356521923,0.0,0.0,168.0315733333364
17820,RealTimeInference,2376,RegionC,20.0,1.0,1.25,2378.0,scheduled,RegionC,2376,2377.25,5.0,-3.057777777777779,0.0,0.0,0.138
17864,AITraining,2378,RegionD,150.0,120.0,1.7,2406.0,scheduled,RegionA,2378,2379.7,65.0,-2547.268571428289,0.0,0.0,44.06399999999529
17898,AITraining,2391,RegionE,150.0,78.0,2.65,2406.0,scheduled,RegionF,2395,2397.65,18.0,-2473.25410186344,0.0,0.0,42.001440000001445
17938,BatchInference,2398,RegionE,80.0,23.0,4.266666666666667,2406.0,scheduled,RegionE,2398,2402.266666666667,5.0,1634.5044466402812,710.1250000000001,0.6813750000000001,9.391666666667279
17991,AITraining,2388,RegionF,150.0,26.0,2.2666666666666666,2406.0,scheduled,RegionF,2389,2391.266666666667,5.0,-696.299879089094,0.0,0.0,11.975253333334454
18061,BatchInference,2388,RegionC,80.0,9.0,5.066666666666666,2406.0,scheduled,RegionD,2388,2393.0666666666666,58.0,-269.8221304347784,0.0,0.0,5.836799999999931
18201,BatchInference,2376,RegionE,80.0,16.0,0.6666666666666666,2406.0,scheduled,RegionE,2376,2376.6666666666665,5.0,-73.16996047429032,0.0,0.0,1.3333333333330302
18325,AITraining,2385,RegionF,150.0,58.0,3.45,2406.0,scheduled,RegionC,2388,2391.45,76.0,-2462.5766518517116,0.0,0.0,44.18207999999767
18367,BatchInference,2391,RegionA,80.0,19.0,5.766666666666667,2406.0,scheduled,RegionA,2391,2396.766666666667,5.0,-762.8074603174978,0.0,0.0,14.791500000000548
18394,RealTimeInference,2396,RegionA,20.0,3.0,5.433333333333334,2402.0,scheduled,RegionA,2396,2401.4333333333334,5.0,-95.50971428571557,0.0,0.0,1.7604000000000197
18427,BatchInference,2378,RegionB,80.0,18.0,4.45,2406.0,scheduled,RegionB,2381,2385.45,5.0,-635.1228205127942,0.0,0.0,10.813499999999559
18687,RealTimeInference,2391,RegionE,20.0,5.0,1.45,2393.0,scheduled,RegionE,2391,2392.45,5.0,-37.90711462450047,0.0,0.0,0.724999999999909
18713,AITraining,2380,RegionF,150.0,38.0,1.0833333333333333,2406.0,scheduled,RegionF,2380,2381.0833333333335,5.0,-491.9350559006914,0.0,0.0,8.365066666667838
18720,AITraining,2381,RegionF,150.0,120.0,0.8666666666666667,2406.0,scheduled,RegionF,2387,2387.866666666667,5.0,-1249.117068323157,0.0,0.0,21.132800000002955
18826,BatchInference,2392,RegionA,80.0,17.0,4.533333333333333,2406.0,scheduled,RegionB,2396,2400.5333333333333,12.0,-497.6622222222202,0.0,0.0,10.403999999999932
18847,BatchInference,2391,RegionB,80.0,8.0,4.516666666666667,2406.0,scheduled,RegionE,2391,2395.516666666667,74.0,-190.1225296442815,0.0,0.0,4.516666666666879
18869,BatchInference,2386,RegionD,80.0,7.0,4.433333333333334,2406.0,scheduled,RegionD,2396,2400.4333333333334,5.0,-228.2042065217423,0.0,0.0,3.9722666666667217
18905,BatchInference,2381,RegionA,80.0,12.0,4.183333333333334,2406.0,scheduled,RegionA,2389,2393.1833333333334,5.0,-393.8041269841328,0.0,0.0,6.7770000000001
19172,RealTimeInference,2398,RegionC,20.0,6.0,3.316666666666667,2402.0,scheduled,RegionC,2398,2401.3166666666666,5.0,-123.09167407407168,0.0,0.0,2.1969599999999594
19264,RealTimeInference,2386,RegionD,20.0,4.0,3.3333333333333335,2390.0,scheduled,RegionD,2386,2389.3333333333335,5.0,-76.59391304348199,0.0,0.0,1.3653333333333955
19289,AITraining,2398,RegionE,150.0,121.0,6.016666666666667,2406.0,scheduled,RegionE,2398,2404.016666666667,5.0,-8678.035968379754,0.0,0.0,145.60333333333847
19387,AITraining,2392,RegionE,150.0,104.0,3.7666666666666666,2406.0,scheduled,RegionD,2396,2399.766666666667,22.0,-4726.673547826357,0.0,0.0,80.2269866666712
19440,BatchInference,2382,RegionE,80.0,23.0,2.066666666666667,2406.0,scheduled,RegionE,2382,2384.0666666666666,5.0,-347.2312252964323,0.0,0.0,5.941666666666493
19584,AITraining,2387,RegionE,150.0,43.0,5.816666666666666,2406.0,scheduled,RegionB,2399,2404.8166666666666,74.0,-3121.2350769230457,0.0,0.0,54.02519999999944
19682,BatchInference,2390,RegionD,80.0,11.0,5.233333333333333,2406.0,scheduled,RegionE,2391,2396.233333333333,22.0,-403.8211462450418,0.0,0.0,7.1958333333330415
19684,BatchInference,2378,RegionF,80.0,9.0,2.0166666666666666,2406.0,scheduled,RegionF,2396,2398.016666666667,5.0,-132.1849875776543,0.0,0.0,2.3050500000002425
19693,RealTimeInference,2386,RegionA,20.0,4.0,1.2,2388.0,scheduled,RegionA,2386,2387.2,5.0,-19.399238095233418,0.0,0.0,0.5183999999999215
20139,AITraining,2381,RegionD,150.0,71.0,3.4166666666666665,2406.0,scheduled,RegionA,2393,2396.4166666666665,65.0,-3055.384761904623,0.0,0.0,52.39799999999768
20312,BatchInference,2396,RegionD,80.0,16.0,4.133333333333334,2406.0,scheduled,RegionE,2396,2400.133333333333,22.0,-395.0711462450433,0.0,0.0,8.266666666666424
20392,AITraining,2377,RegionF,150.0,110.0,5.583333333333333,2406.0,scheduled,RegionC,2377,2382.5833333333335,76.0,-8018.672592592812,0.0,0.0,135.60800000000367
20403,BatchInference,2388,RegionD,80.0,14.0,3.9833333333333334,2406.0,scheduled,RegionE,2388,2391.983333333333,22.0,-389.0444664031404,0.0,0.0,6.970833333332963
20632,BatchInference,2386,RegionC,80.0,14.0,3.066666666666667,2406.0,scheduled,RegionD,2396,2399.0666666666666,58.0,-265.51876086955804,0.0,0.0,5.495466666666559
20799,BatchInference,2397,RegionF,80.0,14.0,3.4,2406.0,scheduled,RegionE,2397,2400.4,18.0,321.6920948617776,172.90000000003934,0.16590000000003774,5.250000000000001
20964,AITraining,2380,RegionB,150.0,112.0,3.5,2406.0,scheduled,RegionA,2397,2400.5,12.0,-5038.320000000001,0.0,0.0,84.67200000000001
20965,RealTimeInference,2377,RegionA,20.0,2.0,2.6333333333333333,2380.0,scheduled,RegionA,2377,2379.633333333333,5.0,-24.74704761904605,0.0,0.0,0.5687999999999739
21103,RealTimeInference,2383,RegionA,20.0,7.0,1.8,2385.0,scheduled,RegionA,2383,2384.8,5.0,-72.4226031746117,0.0,0.0,1.360800000000138
21242,RealTimeInference,2390,RegionB,20.0,1.0,1.1,2392.0,scheduled,RegionB,2390,2391.1,5.0,-1.44765811965745,0.0,0.0,0.11879999999999019
21356,AITraining,2388,RegionF,150.0,125.0,5.133333333333334,2406.0,scheduled,RegionD,2388,2393.133333333333,25.0,-7827.223913043292,0.0,0.0,131.41333333333023
21384,AITraining,2377,RegionC,150.0,110.0,3.6333333333333333,2406.0,scheduled,RegionA,2380,2383.633333333333,15.0,-5139.156190476018,0.0,0.0,86.32799999999713
21400,RealTimeInference,2399,RegionB,20.0,1.0,1.6833333333333333,2401.0,scheduled,RegionB,2399,2400.6833333333334,5.0,-1.6003076923080863,0.0,0.0,0.18180000000000657
21428,RealTimeInference,2387,RegionC,20.0,5.0,2.3666666666666667,2390.0,scheduled,RegionC,2387,2389.366666666667,5.0,-69.23955555555955,0.0,0.0,1.3064000000000668
21451,AITraining,2394,RegionD,150.0,34.0,4.216666666666667,2406.0,scheduled,RegionD,2394,2398.2166666666667,5.0,-1662.8866108695765,0.0,0.0,29.361493333333545
21730,AITraining,2397,RegionF,150.0,49.0,4.816666666666666,2406.0,scheduled,RegionE,2397,2401.8166666666666,18.0,-986.6904841894814,544.0175000000642,0.5219925000000616,45.00083333333249
21792,RealTimeInference,2392,RegionA,20.0,4.0,5.266666666666667,2398.0,scheduled,RegionA,2392,2397.266666666667,5.0,-127.60088888889459,0.0,0.0,2.275200000000092
21837,AITraining,2388,RegionD,150.0,59.0,4.266666666666667,2406.0,scheduled,RegionD,2388,2392.266666666667,5.0,-3042.3752869566742,0.0,0.0,51.55498666666923
21897,RealTimeInference,2393,RegionA,20.0,3.0,1.5333333333333334,2395.0,scheduled,RegionA,2393,2394.5333333333333,5.0,-19.887365079364464,0.0,0.0,0.49679999999999025
22136,BatchInference,2398,RegionE,80.0,7.0,1.3166666666666667,2406.0,scheduled,RegionE,2398,2399.3166666666666,5.0,52.8532608695693,0.0,0.0,1.1520833333332803
22175,AITraining,2383,RegionE,150.0,112.0,6.516666666666667,2406.0,scheduled,RegionB,2386,2392.516666666667,74.0,-9332.92841025672,0.0,0.0,157.65120000000516
22360,RealTimeInference,2398,RegionD,20.0,6.0,0.18333333333333332,2399.0,scheduled,RegionD,2398,2398.1833333333334,5.0,-1.3874760869587794,0.0,0.0,0.11264000000003725
22462,BatchInference,2381,RegionC,80.0,23.0,2.3,2406.0,scheduled,RegionC,2382,2384.3,5.0,-393.62311111114485,0.0,0.0,7.300200000000578
22576,AITraining,2395,RegionF,150.0,16.0,3.0833333333333335,2406.0,scheduled,RegionF,2395,2398.0833333333335,5.0,-500.29394616980176,0.0,0.0,10.024533333333826
22636,RealTimeInference,2377,RegionF,20.0,2.0,4.166666666666667,2382.0,scheduled,RegionF,2377,2381.1666666666665,5.0,-45.55155279502921,0.0,0.0,0.8466666666666359
22705,AITraining,2385,RegionE,150.0,80.0,2.25,2406.0,scheduled,RegionB,2385,2387.25,74.0,-2178.5675213675217,0.0,0.0,38.88
22706,RealTimeInference,2391,RegionC,20.0,2.0,0.75,2392.0,scheduled,RegionC,2391,2391.75,5.0,0.6343703703705605,0.0,0.0,0.16559999999999997
22852,AITraining,2386,RegionF,150.0,62.0,5.75,2406.0,scheduled,RegionA,2394,2399.75,82.0,-4495.455873015874,0.0,0.0,77.004
22871,BatchInference,2381,RegionE,80.0,7.0,3.816666666666667,2406.0,scheduled,RegionE,2383,2386.8166666666666,5.0,-193.359189723317,0.0,0.0,3.3395833333332807
22890,RealTimeInference,2384,RegionC,20.0,3.0,1.8,2386.0,scheduled,RegionC,2384,2385.8,5.0,-25.580711111114745,0.0,0.0,0.5961600000000602
22926,BatchInference,2377,RegionA,80.0,19.0,3.466666666666667,2406.0,scheduled,RegionA,2390,2393.4666666666667,5.0,-518.0438095238143,0.0,0.0,8.89200000000008
22937,AITraining,2386,RegionF,150.0,52.0,2.283333333333333,2406.0,scheduled,RegionF,2389,2391.2833333333333,5.0,-1432.4622244306224,0.0,0.0,24.12661333333301
23146,RealTimeInference,2387,RegionC,20.0,3.0,5.55,2393.0,scheduled,RegionC,2387,2392.55,5.0,-100.47848888889247,0.0,0.0,1.83816000000006
23364,RealTimeInference,2392,RegionE,20.0,5.0,1.9166666666666667,2394.0,scheduled,RegionE,2392,2393.9166666666665,5.0,-51.64031620552916,0.0,0.0,0.9583333333332575
23381,BatchInference,2394,RegionD,80.0,15.0,4.0,2406.0,scheduled,RegionE,2394,2398.0,22.0,-373.4268774703558,0.0,0.0,7.5
23421,AITraining,2398,RegionE,150.0,19.0,4.4,2406.0,scheduled,RegionF,2399,2403.4,18.0,2409.677538385073,1003.8080000000001,1.0814100800000002,13.12672000000035
23424,RealTimeInference,2379,RegionA,20.0,5.0,6.616666666666666,2386.0,scheduled,RegionA,2379,2385.616666666667,5.0,-203.61174603175,0.0,0.0,3.5730000000000657
23479,AITraining,2377,RegionD,150.0,113.0,2.183333333333333,2406.0,scheduled,RegionB,2383,2385.1833333333334,60.0,-3105.858256410346,0.0,0.0,53.29080000000149
23514,AITraining,2385,RegionF,150.0,76.0,3.85,2406.0,scheduled,RegionB,2397,2400.85,79.0,-3628.986598290509,0.0,0.0,63.201599999998514
23544,RealTimeInference,2393,RegionB,20.0,1.0,2.25,2396.0,scheduled,RegionB,2393,2395.25,5.0,-5.327008547008592,0.0,0.0,0.24300000000000002
23667,BatchInference,2386,RegionA,80.0,15.0,5.216666666666667,2406.0,scheduled,RegionA,2386,2391.2166666666667,5.0,-589.0313492063527,0.0,0.0,10.563750000000063
23682,RealTimeInference,2396,RegionB,20.0,7.0,4.616666666666666,2401.0,scheduled,RegionB,2396,2400.616666666667,5.0,-198.34020512821095,0.0,0.0,3.490200000000092
23708,RealTimeInference,2387,RegionB,20.0,7.0,1.6666666666666667,2389.0,scheduled,RegionB,2387,2388.6666666666665,5.0,-64.7333333333264,0.0,0.0,1.2599999999998857
23890,RealTimeInference,2385,RegionA,20.0,5.0,4.783333333333333,2390.0,scheduled,RegionA,2385,2389.7833333333333,5.0,-142.91650793650683,0.0,0.0,2.5829999999999838
23936,AITraining,2389,RegionD,150.0,127.0,3.8333333333333335,2406.0,scheduled,RegionD,2398,2401.8333333333335,5.0,-5918.762347826323,0.0,0.0,99.70346666667061
24073,AITraining,2395,RegionB,150.0,110.0,1.5333333333333334,2406.0,scheduled,RegionE,2395,2396.5333333333333,74.0,-1890.6126482213035,0.0,0.0,33.733333333332666
24255,BatchInference,2397,RegionE,80.0,20.0,2.1,2406.0,scheduled,RegionE,2397,2399.1,5.0,-199.56916996045973,0.0,0.0,5.249999999999773
24477,BatchInference,2393,RegionD,80.0,16.0,1.1333333333333333,2406.0,scheduled,RegionE,2393,2394.133333333333,22.0,-100.45849802370088,0.0,0.0,2.266666666666424
24568,RealTimeInference,2378,RegionB,20.0,4.0,2.4166666666666665,2381.0,scheduled,RegionB,2378,2380.4166666666665,5.0,-54.99384615384231,0.0,0.0,1.0439999999999348
24572,BatchInference,2390,RegionA,80.0,9.0,5.05,2406.0,scheduled,RegionA,2398,2403.05,5.0,-265.64976190477233,0.0,0.0,6.135750000000221
24641,BatchInference,2383,RegionD,80.0,12.0,1.4,2406.0,scheduled,RegionD,2394,2395.4,5.0,-116.13813043478945,0.0,0.0,2.15040000000014
24714,RealTimeInference,2380,RegionC,20.0,5.0,5.416666666666667,2386.0,scheduled,RegionC,2380,2385.4166666666665,5.0,-173.28888888888386,0.0,0.0,2.9899999999999163
24748,RealTimeInference,2384,RegionE,20.0,1.0,3.1166666666666667,2388.0,scheduled,RegionE,2384,2387.116666666667,5.0,-12.514229249012589,0.0,0.0,0.31166666666667886
24774,BatchInference,2380,RegionF,80.0,16.0,1.7333333333333334,2406.0,scheduled,RegionF,2398,2399.733333333333,5.0,-203.94911801239624,0.0,0.0,3.522133333332902
24949,BatchInference,2386,RegionD,80.0,16.0,1.0166666666666666,2406.0,scheduled,RegionD,2399,2400.016666666667,5.0,-111.4456630435038,0.0,0.0,2.082133333333768
24995,BatchInference,2396,RegionD,80.0,10.0,1.05,2406.0,scheduled,RegionE,2396,2397.05,22.0,20.653162055322625,0.0,0.0,1.3125000000002274
25000,RealTimeInference,2387,RegionB,20.0,6.0,1.65,2389.0,scheduled,RegionB,2387,2388.65,5.0,-52.05456410256757,0.0,0.0,1.069200000000059
25215,RealTimeInference,2391,RegionA,20.0,5.0,3.433333333333333,2395.0,scheduled,RegionA,2391,2394.4333333333334,5.0,-102.24000000000197,0.0,0.0,1.854000000000033
25467,RealTimeInference,2385,RegionB,20.0,6.0,2.8666666666666667,2388.0,scheduled,RegionB,2385,2387.866666666667,5.0,-101.41668376068858,0.0,0.0,1.8576000000000787
25631,BatchInference,2392,RegionD,80.0,18.0,4.716666666666667,2406.0,scheduled,RegionE,2399,2403.7166666666667,22.0,-605.3013833992131,0.0,0.0,10.612500000000068
25757,BatchInference,2377,RegionE,80.0,17.0,5.366666666666666,2406.0,scheduled,RegionE,2394,2399.366666666667,5.0,-677.2341897233356,0.0,0.0,11.404166666666924
25763,AITraining,2391,RegionE,150.0,114.0,4.833333333333333,2406.0,scheduled,RegionD,2391,2395.8333333333335,22.0,-6691.727402174127,0.0,0.0,112.84480000000356
25795,AITraining,2390,RegionE,150.0,46.0,1.7166666666666666,2406.0,scheduled,RegionE,2397,2398.7166666666667,5.0,-927.2758893280802,0.0,0.0,15.793333333333614
25839,RealTimeInference,2378,RegionA,20.0,1.0,5.483333333333333,2384.0,scheduled,RegionA,2378,2383.483333333333,5.0,-24.865333333331872,0.0,0.0,0.5921999999999771
26136,AITraining,2390,RegionE,150.0,120.0,0.8666666666666667,2406.0,scheduled,RegionE,2396,2396.866666666667,5.0,-1219.7766798420703,0.0,0.0,20.80000000000291
26377,BatchInference,2376,RegionB,80.0,17.0,6.433333333333334,2406.0,scheduled,RegionC,2392,2398.4333333333334,14.0,-883.5560000000086,0.0,0.0,15.092600000000143
26569,RealTimeInference,2384,RegionB,20.0,5.0,1.1,2386.0,scheduled,RegionB,2384,2385.1,5.0,-26.332307692304745,0.0,0.0,0.5939999999999509
26584,AITraining,2380,RegionF,150.0,125.0,1.0666666666666667,2406.0,scheduled,RegionF,2388,2389.0666666666666,5.0,-1604.2024844719572,0.0,0.0,27.093333333331792
26590,AITraining,2385,RegionF,150.0,27.0,4.916666666666667,2406.0,scheduled,RegionF,2394,2398.9166666666665,5.0,-1607.475577639702,0.0,0.0,26.97479999999917
26779,RealTimeInference,2384,RegionB,20.0,2.0,1.75,2386.0,scheduled,RegionB,2384,2385.75,5.0,-12.96205128205128,0.0,0.0,0.378
26783,BatchInference,2377,RegionA,80.0,16.0,2.3,2406.0,scheduled,RegionA,2377,2379.3,5.0,-284.36571428573785,0.0,0.0,4.968000000000393
26788,BatchInference,2386,RegionF,80.0,12.0,5.283333333333333,2406.0,scheduled,RegionF,2389,2394.2833333333333,5.0,-474.3812919254632,0.0,0.0,8.051799999999956
26836,RealTimeInference,2396,RegionA,20.0,7.0,4.533333333333333,2401.0,scheduled,RegionA,2396,2400.5333333333333,5.0,-194.1843809523797,0.0,0.0,3.427199999999978
27016,BatchInference,2378,RegionD,80.0,23.0,1.1833333333333333,2406.0,scheduled,RegionD,2383,2384.1833333333334,5.0,-201.73323913044558,0.0,0.0,3.4837333333335123
27109,AITraining,2384,RegionF,150.0,99.0,5.0,2406.0,scheduled,RegionB,2391,2396.0,79.0,-6265.003418803419,0.0,0.0,106.92
27293,AITraining,2388,RegionF,150.0,50.0,5.333333333333333,2406.0,scheduled,RegionB,2388,2393.3333333333335,79.0,-3257.1811965812904,0.0,0.0,57.600000000001636
27301,BatchInference,2392,RegionA,80.0,5.0,3.2,2406.0,scheduled,RegionE,2392,2395.2,78.0,-32.4980237154081,0.0,0.0,1.9999999999998863
27485,RealTimeInference,2393,RegionA,20.0,5.0,2.433333333333333,2396.0,scheduled,RegionA,2393,2395.4333333333334,5.0,-67.96698412698608,0.0,0.0,1.314000000000033
27509,AITraining,2377,RegionF,150.0,113.0,6.516666666666667,2406.0,scheduled,RegionC,2398,2404.516666666667,76.0,-9648.71751111143,0.0,0.0,162.5934400000053
27547,BatchInference,2397,RegionD,80.0,17.0,0.9666666666666667,2406.0,scheduled,RegionE,2397,2397.9666666666667,22.0,-17.333003952573435,0.0,0.0,2.054166666666731
27636,RealTimeInference,2388,RegionA,20.0,7.0,4.233333333333333,2393.0,scheduled,RegionA,2388,2392.233333333333,5.0,-182.77320634919695,0.0,0.0,3.2003999999998403
27637,AITraining,2391,RegionD,150.0,50.0,0.5166666666666667,2406.0,scheduled,RegionE,2391,2391.516666666667,22.0,-273.2845849803638,0.0,0.0,5.166666666668789
27713,AITraining,2387,RegionF,150.0,87.0,1.5333333333333334,2406.0,scheduled,RegionF,2396,2397.5333333333333,5.0,-1606.1332968943777,0.0,0.0,27.106879999999464
27964,AITraining,2396,RegionD,150.0,25.0,6.416666666666667,2406.0,scheduled,RegionD,2396,2402.4166666666665,5.0,-1884.2163043477774,0.0,0.0,32.85333333333256
28123,AITraining,2385,RegionD,150.0,30.0,3.1166666666666667,2406.0,scheduled,RegionD,2391,2394.116666666667,5.0,-1137.4062608696102,0.0,0.0,19.148800000000747
28161,BatchInference,2381,RegionB,80.0,4.0,4.216666666666667,2406.0,scheduled,RegionB,2393,2397.2166666666667,5.0,-123.09008547008682,0.0,0.0,2.2770000000000166
28165,BatchInference,2387,RegionE,80.0,13.0,0.4166666666666667,2406.0,scheduled,RegionE,2392,2392.4166666666665,5.0,-32.27322134385915,0.0,0.0,0.6770833333330871
28388,AITraining,2385,RegionF,150.0,85.0,4.8,2406.0,scheduled,RegionA,2391,2395.8,82.0,-5129.041904762105,0.0,0.0,88.12800000000334
28488,BatchInference,2392,RegionA,80.0,14.0,0.65,2406.0,scheduled,RegionE,2394,2394.65,78.0,23.29545454544492,0.0,0.0,1.1375000000001592
28656,RealTimeInference,2396,RegionC,20.0,4.0,1.3333333333333333,2398.0,scheduled,RegionC,2396,2397.3333333333335,5.0,-27.28355555555941,0.0,0.0,0.5888000000000669
28664,AITraining,2393,RegionF,150.0,96.0,6.25,2406.0,scheduled,RegionD,2399,2405.25,25.0,-7322.415489130434,0.0,0.0,122.87999999999998
28667,RealTimeInference,2380,RegionB,20.0,6.0,1.2,2382.0,scheduled,RegionB,2380,2381.2,5.0,-38.647452991446045,0.0,0.0,0.7775999999998822
28692,RealTimeInference,2388,RegionA,20.0,3.0,4.3,2393.0,scheduled,RegionA,2388,2392.3,5.0,-73.7697777777815,0.0,0.0,1.393200000000059
28753,AITraining,2396,RegionE,150.0,74.0,1.75,2406.0,scheduled,RegionF,2396,2397.75,18.0,-1467.215966873706,0.0,0.0,26.3144
28923,BatchInference,2392,RegionC,80.0,14.0,1.85,2406.0,scheduled,RegionE,2394,2395.85,70.0,-111.94367588931863,0.0,0.0,3.237499999999841
28952,RealTimeInference,2387,RegionC,20.0,7.0,2.05,2390.0,scheduled,RegionC,2387,2389.05,5.0,-83.68773333334175,0.0,0.0,1.5842400000001406
29239,RealTimeInference,2386,RegionB,20.0,2.0,4.016666666666667,2391.0,scheduled,RegionB,2386,2390.016666666667,5.0,-41.49018803419109,0.0,0.0,0.8676000000000459
29306,BatchInference,2387,RegionE,80.0,20.0,0.6,2406.0,scheduled,RegionE,2399,2399.6,5.0,-80.62648221342435,0.0,0.0,1.4999999999997726
29364,AITraining,2390,RegionE,150.0,111.0,1.2833333333333334,2406.0,scheduled,RegionF,2391,2392.2833333333333,18.0,-1683.212097722526,0.0,0.0,28.94583999999932
29402,BatchInference,2384,RegionC,80.0,17.0,3.1333333333333333,2406.0,scheduled,RegionC,2399,2402.133333333333,5.0,-357.38133333331626,0.0,0.0,7.350799999999715
29425,AITraining,2378,RegionF,150.0,98.0,3.8833333333333333,2406.0,scheduled,RegionB,2385,2388.883333333333,79.0,-4825.533743589589,0.0,0.0,82.20239999999743
29589,RealTimeInference,2377,RegionE,20.0,5.0,1.0166666666666666,2379.0,scheduled,RegionE,2377,2378.016666666667,5.0,-24.907114624512296,0.0,0.0,0.5083333333334394
29651,RealTimeInference,2382,RegionB,20.0,7.0,4.733333333333333,2387.0,scheduled,RegionB,2382,2386.733333333333,5.0,-205.56041025640073,0.0,0.0,3.5783999999998404
29758,RealTimeInference,2380,RegionC,20.0,7.0,6.15,2387.0,scheduled,RegionC,2380,2386.15,5.0,-277.49653333333754,0.0,0.0,4.75272000000007
29773,RealTimeInference,2387,RegionA,20.0,6.0,1.7833333333333334,2389.0,scheduled,RegionA,2387,2388.7833333333333,5.0,-58.415365079363866,0.0,0.0,1.1555999999999804
29779,BatchInference,2376,RegionF,80.0,17.0,5.6,2406.0,scheduled,RegionF,2390,2395.6,5.0,-718.1879751552677,0.0,0.0,12.090399999999805
29785,BatchInference,2377,RegionE,80.0,17.0,5.533333333333333,2406.0,scheduled,RegionD,2399,2404.5333333333333,22.0,-698.8830869565179,0.0,0.0,12.040533333333268
29787,BatchInference,2397,RegionA,80.0,7.0,4.166666666666667,2406.0,scheduled,RegionD,2399,2403.1666666666665,65.0,539.7106922421209,183.43464914153415,0.21558838357607663,3.2661862399939205
30199,BatchInference,2390,RegionF,80.0,15.0,6.233333333333333,2406.0,scheduled,RegionF,2398,2404.233333333333,5.0,-696.8716563146772,0.0,0.0,11.874499999999596
30207,AITraining,2380,RegionD,150.0,33.0,1.55,2406.0,scheduled,RegionD,2389,2390.55,5.0,-619.3192434783343,0.0,0.0,10.47552000000123
30238,RealTimeInference,2379,RegionD,20.0,6.0,4.85,2384.0,scheduled,RegionD,2379,2383.85,5.0,-173.30126956521403,0.0,0.0,2.979839999999944
30449,AITraining,2398,RegionB,150.0,44.0,0.26666666666666666,2406.0,scheduled,RegionC,2398,2398.266666666667,14.0,-37.25431111123068,0.0,0.0,2.5907200000020616
30452,AITraining,2391,RegionE,150.0,55.0,3.3,2406.0,scheduled,RegionF,2397,2400.3,18.0,-2171.951519668861,0.0,0.0,36.88080000000204
30583,AITraining,2387,RegionE,150.0,121.0,3.9,2406.0,scheduled,RegionA,2388,2391.9,78.0,-5942.462095238235,0.0,0.0,101.93040000000238
30610,RealTimeInference,2398,RegionB,20.0,7.0,2.683333333333333,2401.0,scheduled,RegionB,2398,2400.6833333333334,5.0,-111.48523076923372,0.0,0.0,2.028600000000046
30708,RealTimeInference,2379,RegionB,20.0,1.0,6.4,2386.0,scheduled,RegionB,2379,2385.4,5.0,-34.041230769231376,0.0,0.0,0.6912000000000098
30715,BatchInference,2396,RegionD,80.0,14.0,5.316666666666666,2406.0,scheduled,RegionD,2396,2401.3166666666666,5.0,-482.2281630434694,0.0,0.0,9.527466666666559
30900,AITraining,2383,RegionF,150.0,36.0,2.183333333333333,2406.0,scheduled,RegionF,2383,2385.1833333333334,5.0,-947.5769142857408,0.0,0.0,15.971520000000442
31011,AITraining,2391,RegionF,150.0,58.0,2.0166666666666666,2406.0,scheduled,RegionF,2393,2395.016666666667,5.0,-1391.691140372821,0.0,0.0,23.767626666669166
31076,AITraining,2394,RegionE,150.0,67.0,6.366666666666666,2406.0,scheduled,RegionD,2394,2400.366666666667,22.0,-5139.7055478261855,0.0,0.0,87.360853333335
31191,AITraining,2382,RegionD,150.0,65.0,2.5833333333333335,2406.0,scheduled,RegionB,2382,2384.5833333333335,60.0,-2059.806837606963,0.0,0.0,36.27000000000213
31331,BatchInference,2379,RegionC,80.0,5.0,1.4166666666666667,2406.0,scheduled,RegionA,2383,2384.4166666666665,15.0,-19.35595238094903,0.0,0.0,0.9562499999998977
31480,AITraining,2381,RegionD,150.0,84.0,5.016666666666667,2406.0,scheduled,RegionC,2393,2398.016666666667,58.0,-5452.5294222224575,0.0,0.0,93.04512000000392
31539,AITraining,2379,RegionD,150.0,103.0,1.2833333333333334,2406.0,scheduled,RegionA,2384,2385.2833333333333,65.0,-1617.8706031745626,0.0,0.0,28.551599999999326
31600,RealTimeInference,2376,RegionB,20.0,3.0,5.05,2382.0,scheduled,RegionB,2376,2381.05,5.0,-92.14635897436251,0.0,0.0,1.636200000000059
31688,BatchInference,2391,RegionF,80.0,21.0,1.9666666666666666,2406.0,scheduled,RegionF,2398,2399.9666666666667,5.0,-280.5610724637745,0.0,0.0,5.245100000000081
31709,AITraining,2387,RegionD,150.0,44.0,2.466666666666667,2406.0,scheduled,RegionD,2387,2389.4666666666667,5.0,-1318.793469565234,0.0,0.0,22.227626666666943
31710,AITraining,2377,RegionD,150.0,64.0,1.9,2406.0,scheduled,RegionB,2377,2378.9,60.0,-1491.3889914530669,0.0,0.0,26.26560000000126
31748,RealTimeInference,2393,RegionA,20.0,4.0,5.533333333333333,2399.0,scheduled,RegionA,2393,2398.5333333333333,5.0,-131.78907936507858,0.0,0.0,2.390399999999987
31788,AITraining,2379,RegionD,150.0,81.0,5.816666666666666,2406.0,scheduled,RegionC,2387,2392.8166666666666,58.0,-6123.002607407342,0.0,0.0,104.02991999999891
31953,BatchInference,2387,RegionB,80.0,19.0,5.15,2406.0,scheduled,RegionA,2390,2395.15,12.0,-737.6199206349344,0.0,0.0,13.209750000000236
31955,BatchInference,2385,RegionD,80.0,16.0,2.783333333333333,2406.0,scheduled,RegionD,2399,2401.7833333333333,5.0,-330.09616304347446,0.0,0.0,5.700266666666605
32107,RealTimeInference,2384,RegionC,20.0,3.0,3.0833333333333335,2388.0,scheduled,RegionC,2384,2387.0833333333335,5.0,-50.41644444444747,0.0,0.0,1.02120000000005
32162,RealTimeInference,2389,RegionA,20.0,2.0,1.9166666666666667,2391.0,scheduled,RegionA,2389,2390.9166666666665,5.0,-15.284444444442421,0.0,0.0,0.4139999999999673
32241,AITraining,2395,RegionD,150.0,112.0,0.23333333333333334,2406.0,scheduled,RegionE,2395,2395.233333333333,22.0,-237.71462450564687,0.0,0.0,5.226666666661913
32420,BatchInference,2388,RegionD,80.0,19.0,5.716666666666667,2406.0,scheduled,RegionD,2395,2400.7166666666667,5.0,-802.2425760869613,0.0,0.0,13.90293333333341
32465,RealTimeInference,2386,RegionB,20.0,6.0,2.4,2389.0,scheduled,RegionB,2386,2388.4,5.0,-81.51541880342265,0.0,0.0,1.555200000000059
32656,AITraining,2387,RegionE,150.0,76.0,5.633333333333334,2406.0,scheduled,RegionA,2399,2404.633333333333,78.0,-5414.988952380832,0.0,0.0,92.47679999999801
32719,RealTimeInference,2387,RegionA,20.0,3.0,1.8166666666666667,2389.0,scheduled,RegionA,2387,2388.8166666666666,5.0,-23.8239365079353,0.0,0.0,0.5885999999999804
32894,AITraining,2382,RegionF,150.0,70.0,1.5333333333333334,2406.0,scheduled,RegionF,2385,2386.5333333333333,5.0,-1292.7632795030795,0.0,0.0,21.810133333332907
32917,RealTimeInference,2392,RegionA,20.0,2.0,2.8833333333333333,2395.0,scheduled,RegionA,2392,2394.883333333333,5.0,-28.07593650793512,0.0,0.0,0.6227999999999738
33356,BatchInference,2387,RegionB,80.0,14.0,3.3666666666666667,2406.0,scheduled,RegionA,2398,2401.366666666667,12.0,-297.04666666667765,0.0,0.0,6.3630000000002305
33418,AITraining,2378,RegionE,150.0,122.0,3.95,2406.0,scheduled,RegionB,2379,2382.95,74.0,-6137.7111794868915,0.0,0.0,104.0903999999952
33422,BatchInference,2376,RegionB,80.0,9.0,6.183333333333334,2406.0,scheduled,RegionB,2376,2382.1833333333334,5.0,-440.2949145299191,0.0,0.0,7.512750000000073
33478,BatchInference,2384,RegionE,80.0,6.0,2.6,2406.0,scheduled,RegionE,2390,2392.6,5.0,-108.67984189722934,0.0,0.0,1.949999999999932
33573,BatchInference,2391,RegionB,80.0,21.0,1.4166666666666667,2406.0,scheduled,RegionE,2392,2393.4166666666665,74.0,-136.2870553359449,0.0,0.0,3.718749999999602
33589,BatchInference,2387,RegionE,80.0,22.0,4.783333333333333,2406.0,scheduled,RegionE,2393,2397.7833333333333,5.0,-779.6254940711412,0.0,0.0,13.154166666666583
33605,BatchInference,2386,RegionB,80.0,9.0,1.5666666666666667,2406.0,scheduled,RegionD,2394,2395.5666666666666,60.0,-39.66843478260295,0.0,0.0,1.8047999999999305
33741,BatchInference,2379,RegionF,80.0,9.0,4.3,2406.0,scheduled,RegionF,2381,2385.3,5.0,-288.56480745342844,0.0,0.0,4.914900000000208
33742,RealTimeInference,2376,RegionA,20.0,3.0,2.5833333333333335,2379.0,scheduled,RegionA,2376,2378.5833333333335,5.0,-44.64857142857438,0.0,0.0,0.8370000000000491
33770,AITraining,2398,RegionD,150.0,88.0,2.3333333333333335,2406.0,scheduled,RegionD,2398,2400.3333333333335,5.0,23393.16132050431,7756.562509940385,9.107013911980042,22.29887957333305
33779,AITraining,2389,RegionE,150.0,31.0,5.1,2406.0,scheduled,RegionF,2389,2394.1,18.0,-1895.5696927535885,0.0,0.0,32.125919999999425
33785,BatchInference,2386,RegionD,80.0,20.0,1.8666666666666667,2406.0,scheduled,RegionD,2399,2400.866666666667,5.0,-271.60722826088767,0.0,0.0,4.778666666666977
33839,BatchInference,2378,RegionE,80.0,21.0,0.55,2406.0,scheduled,RegionE,2379,2379.55,5.0,-79.18824110674757,0.0,0.0,1.4437500000004775
34117,BatchInference,2397,RegionB,80.0,19.0,0.6666666666666666,2406.0,scheduled,RegionC,2398,2398.6666666666665,14.0,10.701481481507372,0.0,0.0,1.7479999999996028
34149,BatchInference,2383,RegionA,80.0,13.0,1.6666666666666667,2406.0,scheduled,RegionB,2383,2384.6666666666665,12.0,-105.32905982904227,0.0,0.0,2.9249999999997343
34201,AITraining,2384,RegionB,150.0,78.0,1.9333333333333333,2406.0,scheduled,RegionC,2397,2398.9333333333334,14.0,-1872.483585185248,0.0,0.0,33.29664000000105
34369,BatchInference,2385,RegionD,80.0,18.0,4.966666666666667,2406.0,scheduled,RegionD,2390,2394.9666666666667,5.0,-676.1925434782639,0.0,0.0,11.443200000000072
34377,AITraining,2383,RegionF,150.0,46.0,0.7333333333333333,2406.0,scheduled,RegionF,2399,2399.733333333333,5.0,-397.5418103518495,0.0,0.0,6.85461333333135
34439,RealTimeInference,2394,RegionA,20.0,2.0,5.066666666666666,2400.0,scheduled,RegionA,2394,2399.0666666666666,5.0,-53.54971428571352,0.0,0.0,1.094399999999987
34531,RealTimeInference,2390,RegionB,20.0,7.0,5.766666666666667,2396.0,scheduled,RegionB,2390,2395.766666666667,5.0,-254.4597606837703,0.0,0.0,4.359600000000161
34647,AITraining,2389,RegionB,150.0,59.0,2.3,2406.0,scheduled,RegionA,2389,2391.3,12.0,-1640.9100952382348,0.0,0.0,29.31120000000232
34834,AITraining,2383,RegionE,150.0,123.0,3.6166666666666667,2406.0,scheduled,RegionA,2396,2399.616666666667,78.0,-5611.192507936705,0.0,0.0,96.08760000000323
34989,BatchInference,2381,RegionA,80.0,13.0,3.3666666666666667,2406.0,scheduled,RegionA,2389,2392.366666666667,5.0,-336.5576190476318,0.0,0.0,5.908500000000213
35013,BatchInference,2377,RegionE,80.0,9.0,5.766666666666667,2406.0,scheduled,RegionE,2377,2382.766666666667,5.0,-382.58992094863095,0.0,0.0,6.487500000000239
35181,RealTimeInference,2391,RegionB,20.0,4.0,4.2,2396.0,scheduled,RegionB,2391,2395.2,5.0,-101.35459829059363,0.0,0.0,1.8143999999999216
35202,RealTimeInference,2381,RegionC,20.0,5.0,2.933333333333333,2384.0,scheduled,RegionC,2381,2383.9333333333334,5.0,-88.37422222222422,0.0,0.0,1.6192000000000333
35298,RealTimeInference,2383,RegionA,20.0,6.0,4.316666666666666,2388.0,scheduled,RegionA,2383,2387.3166666666666,5.0,-157.4637460317439,0.0,0.0,2.7971999999999606
35335,AITraining,2376,RegionF,150.0,34.0,3.216666666666667,2406.0,scheduled,RegionB,2376,2379.2166666666667,79.0,-1326.925333333347,0.0,0.0,23.623200000000228
35450,BatchInference,2381,RegionC,80.0,14.0,2.0166666666666666,2406.0,scheduled,RegionA,2383,2385.016666666667,15.0,-190.3915873016107,0.0,0.0,3.8115000000004016
35507,BatchInference,2381,RegionA,80.0,18.0,1.8,2406.0,scheduled,RegionA,2386,2387.8,5.0,-230.73523809526466,0.0,0.0,4.374000000000443
35544,RealTimeInference,2387,RegionC,20.0,7.0,3.433333333333333,2391.0,scheduled,RegionC,2387,2390.4333333333334,5.0,-146.27457777778056,0.0,0.0,2.6532800000000467
35545,AITraining,2388,RegionF,150.0,31.0,1.3833333333333333,2406.0,scheduled,RegionF,2388,2389.383333333333,5.0,-497.58515279498516,0.0,0.0,8.71389333333257
35571,AITraining,2385,RegionF,150.0,111.0,2.1,2406.0,scheduled,RegionB,2395,2397.1,79.0,-2848.4717264955907,0.0,0.0,50.34959999999783
35783,RealTimeInference,2391,RegionA,20.0,3.0,4.616666666666666,2396.0,scheduled,RegionA,2391,2395.616666666667,5.0,-80.1765714285738,0.0,0.0,1.4958000000000393
36157,AITraining,2396,RegionD,150.0,86.0,0.7833333333333333,2406.0,scheduled,RegionE,2396,2396.7833333333333,22.0,-712.8584980236839,0.0,0.0,13.47333333333281
36175,RealTimeInference,2388,RegionA,20.0,5.0,1.4,2390.0,scheduled,RegionA,2388,2389.4,5.0,-34.58539682539996,0.0,0.0,0.7560000000000492
36260,AITraining,2378,RegionF,150.0,85.0,3.4833333333333334,2406.0,scheduled,RegionA,2385,2388.483333333333,82.0,-3731.9638095235755,0.0,0.0,63.9539999999961
36369,AITraining,2387,RegionE,150.0,70.0,1.6333333333333333,2406.0,scheduled,RegionD,2398,2399.633333333333,22.0,-1368.4538152172872,0.0,0.0,23.415466666664933
36438,AITraining,2380,RegionB,150.0,30.0,1.2166666666666666,2406.0,scheduled,RegionB,2388,2389.2166666666667,5.0,-438.8707692307807,0.0,0.0,7.884000000000197
36594,BatchInference,2377,RegionE,80.0,12.0,1.5166666666666666,2406.0,scheduled,RegionE,2392,2393.516666666667,5.0,-129.21739130436706,0.0,0.0,2.2750000000003188
36634,RealTimeInference,2385,RegionF,20.0,7.0,5.083333333333333,2391.0,scheduled,RegionF,2385,2390.0833333333335,5.0,-210.92221118013066,0.0,0.0,3.6152666666667743
36680,AITraining,2387,RegionF,150.0,118.0,5.983333333333333,2406.0,scheduled,RegionA,2387,2392.983333333333,82.0,-9003.89358730126,0.0,0.0,152.5031999999946
36729,BatchInference,2388,RegionC,80.0,9.0,6.416666666666667,2406.0,scheduled,RegionB,2399,2405.4166666666665,14.0,-373.65192307691456,0.0,0.0,7.796249999999816
36735,RealTimeInference,2387,RegionB,20.0,2.0,4.566666666666666,2392.0,scheduled,RegionB,2387,2391.5666666666666,5.0,-46.67630769230684,0.0,0.0,0.9863999999999871
36863,AITraining,2394,RegionF,150.0,101.0,0.5166666666666667,2406.0,scheduled,RegionE,2394,2394.516666666667,18.0,-574.2375494073692,0.0,0.0,10.436666666670952
36902,BatchInference,2389,RegionE,80.0,22.0,5.516666666666667,2406.0,scheduled,RegionE,2399,2404.516666666667,5.0,-898.2677865612991,0.0,0.0,15.170833333333917
36934,BatchInference,2382,RegionD,80.0,6.0,2.8666666666666667,2406.0,scheduled,RegionD,2382,2384.866666666667,5.0,-123.25632608696216,0.0,0.0,2.2016000000000933
37033,RealTimeInference,2390,RegionC,20.0,3.0,4.883333333333334,2395.0,scheduled,RegionC,2390,2394.883333333333,5.0,-85.91567407407146,0.0,0.0,1.6173599999999595
37062,BatchInference,2399,RegionB,80.0,12.0,2.466666666666667,2406.0,scheduled,RegionF,2399,2401.4666666666667,79.0,1280.006445548652,396.24000000000007,0.4268724000000001,2.2352000000000465
37078,BatchInference,2379,RegionD,80.0,14.0,4.583333333333333,2406.0,scheduled,RegionD,2390,2394.5833333333335,5.0,-485.68043478262507,0.0,0.0,8.213333333333606
37081,BatchInference,2397,RegionA,80.0,17.0,4.45,2406.0,scheduled,RegionE,2397,2401.45,78.0,1278.847826086981,524.875,0.503625,7.3312499999996135
37236,BatchInference,2378,RegionE,80.0,21.0,4.8,2406.0,scheduled,RegionD,2378,2382.8,22.0,-749.8953586956812,0.0,0.0,12.90240000000049
37312,BatchInference,2383,RegionB,80.0,17.0,6.55,2406.0,scheduled,RegionB,2397,2403.55,5.0,-866.6580769231045,0.0,0.0,15.032250000000419
37668,BatchInference,2392,RegionD,80.0,11.0,4.116666666666666,2406.0,scheduled,RegionE,2392,2396.116666666667,22.0,-308.24160079052365,0.0,0.0,5.660416666666833
37688,BatchInference,2384,RegionD,80.0,6.0,3.7666666666666666,2406.0,scheduled,RegionD,2389,2392.766666666667,5.0,-163.17533695653103,0.0,0.0,2.8928000000001632
37758,AITraining,2398,RegionD,150.0,25.0,4.783333333333333,2406.0,scheduled,RegionF,2399,2403.7833333333333,25.0,3029.7082484472144,1320.8,1.422908,19.21933333333318
37834,BatchInference,2394,RegionF,80.0,17.0,6.65,2406.0,scheduled,RegionE,2399,2405.65,18.0,-814.1813241106829,0.0,0.0,14.131250000000193
37857,AITraining,2396,RegionD,150.0,42.0,1.9166666666666667,2406.0,scheduled,RegionE,2396,2397.9166666666665,22.0,-862.0316205532838,0.0,0.0,16.099999999998726
37918,BatchInference,2383,RegionD,80.0,5.0,2.3666666666666667,2406.0,scheduled,RegionD,2399,2401.366666666667,5.0,-80.2645108695698,0.0,0.0,1.5146666666667443
38021,RealTimeInference,2393,RegionB,20.0,6.0,3.533333333333333,2397.0,scheduled,RegionB,2393,2396.5333333333333,5.0,-126.8922393162382,0.0,0.0,2.2895999999999805
38165,BatchInference,2399,RegionB,80.0,10.0,4.75,2406.0,scheduled,RegionF,2399,2403.75,79.0,903.9794844720501,330.2,0.355727,4.7625
38208,AITraining,2392,RegionF,150.0,122.0,1.7666666666666666,2406.0,scheduled,RegionF,2398,2399.766666666667,5.0,-2581.6768099382043,0.0,0.0,43.79637333333859
38408,AITraining,2397,RegionD,150.0,37.0,2.283333333333333,2406.0,scheduled,RegionF,2397,2399.2833333333333,25.0,-896.9980256728642,0.0,0.0,17.167013333333106
38738,AITraining,2381,RegionE,150.0,85.0,5.983333333333333,2406.0,scheduled,RegionC,2396,2401.983333333333,70.0,-6592.823111110872,0.0,0.0,112.295199999996
38774,RealTimeInference,2396,RegionA,20.0,4.0,0.55,2397.0,scheduled,RegionA,2396,2396.55,5.0,-2.3893333333380147,0.0,0.0,0.2376000000000786
38786,AITraining,2396,RegionA,150.0,95.0,6.633333333333334,2406.0,scheduled,RegionF,2396,2402.633333333333,82.0,-7541.842931676877,0.0,0.0,128.04986666666434
38894,AITraining,2399,RegionE,150.0,115.0,6.15,2406.0,scheduled,RegionE,2399,2405.15,5.0,-8415.19960474321,0.0,0.0,141.45000000000212
38937,AITraining,2391,RegionB,150.0,31.0,5.266666666666667,2406.0,scheduled,RegionD,2396,2401.266666666667,60.0,-1908.0373760870377,0.0,0.0,33.43701333333468
38944,AITraining,2387,RegionC,150.0,91.0,3.1,2406.0,scheduled,RegionA,2397,2400.1,15.0,-3548.571555555446,0.0,0.0,60.933599999998215
39010,AITraining,2379,RegionD,150.0,86.0,0.3333333333333333,2406.0,scheduled,RegionD,2394,2394.3333333333335,5.0,-343.2750217392894,0.0,0.0,5.870933333336003
39262,AITraining,2378,RegionE,150.0,103.0,0.43333333333333335,2406.0,scheduled,RegionE,2380,2380.4333333333334,5.0,-524.2403162056078,0.0,0.0,8.926666666667916
39318,BatchInference,2389,RegionA,80.0,21.0,2.75,2406.0,scheduled,RegionA,2389,2391.75,5.0,-353.01309523809573,0.0,0.0,7.796250000000001
39380,RealTimeInference,2391,RegionB,20.0,3.0,0.7333333333333333,2392.0,scheduled,RegionB,2391,2391.733333333333,5.0,-6.295316239312289,0.0,0.0,0.23759999999993126
39397,BatchInference,2390,RegionA,80.0,7.0,6.466666666666667,2406.0,scheduled,RegionA,2392,2398.4666666666667,5.0,-267.88222222222157,0.0,0.0,6.111000000000029
39468,BatchInference,2394,RegionA,80.0,16.0,1.1166666666666667,2406.0,scheduled,RegionA,2395,2396.116666666667,5.0,-35.231111111123454,0.0,0.0,2.412000000000262
39597,BatchInference,2386,RegionD,80.0,17.0,5.583333333333333,2406.0,scheduled,RegionD,2396,2401.5833333333335,5.0,-719.398858695672,0.0,0.0,12.149333333333665
39629,BatchInference,2397,RegionD,80.0,5.0,0.31666666666666665,2406.0,scheduled,RegionE,2397,2397.3166666666666,22.0,94.22974308300579,0.0,0.0,0.19791666666662877
39669,AITraining,2394,RegionE,150.0,77.0,4.533333333333333,2406.0,scheduled,RegionD,2394,2398.5333333333333,22.0,-4170.180384782579,0.0,0.0,71.48885333333286
39748,RealTimeInference,2381,RegionC,20.0,1.0,3.35,2385.0,scheduled,RegionC,2381,2384.35,5.0,-13.190399999999396,0.0,0.0,0.36983999999998995
39773,AITraining,2395,RegionE,150.0,33.0,0.5666666666666667,2406.0,scheduled,RegionE,2395,2395.5666666666666,5.0,-163.2972332015605,0.0,0.0,3.7399999999995996
39788,RealTimeInference,2399,RegionC,20.0,7.0,4.383333333333334,2404.0,scheduled,RegionC,2399,2403.383333333333,5.0,-192.46862222221662,0.0,0.0,3.3874399999999065
39791,BatchInference,2377,RegionB,80.0,4.0,4.783333333333333,2406.0,scheduled,RegionB,2399,2403.7833333333333,5.0,-144.85179487179389,0.0,0.0,2.5829999999999838
39924,BatchInference,2382,RegionC,80.0,4.0,2.6,2406.0,scheduled,RegionC,2384,2386.6,5.0,-40.834222222218294,0.0,0.0,1.4351999999999496
40341,RealTimeInference,2396,RegionA,20.0,2.0,6.433333333333334,2403.0,scheduled,RegionA,2396,2402.4333333333334,5.0,-71.1283809523817,0.0,0.0,1.389600000000013
40375,RealTimeInference,2398,RegionA,20.0,4.0,1.3333333333333333,2400.0,scheduled,RegionA,2398,2399.3333333333335,5.0,-22.20444444444844,0.0,0.0,0.5760000000000656
40446,BatchInference,2387,RegionA,80.0,9.0,0.5333333333333333,2406.0,scheduled,RegionA,2387,2387.5333333333333,5.0,23.4850793650825,0.0,0.0,0.6479999999999633
40505,BatchInference,2396,RegionA,80.0,6.0,6.333333333333333,2406.0,scheduled,RegionE,2397,2403.3333333333335,78.0,-186.0889328063304,0.0,0.0,4.750000000000115
40539,BatchInference,2388,RegionB,80.0,10.0,2.2,2406.0,scheduled,RegionE,2388,2390.2,74.0,-82.81818181816817,0.0,0.0,2.7499999999997726
40554,RealTimeInference,2386,RegionB,20.0,5.0,6.2,2393.0,scheduled,RegionC,2386,2392.2,14.0,-188.09214814814175,0.0,0.0,3.4223999999998993
40594,RealTimeInference,2386,RegionC,20.0,2.0,6.083333333333333,2393.0,scheduled,RegionC,2386,2392.0833333333335,5.0,-71.89570370370534,0.0,0.0,1.3432000000000337
40599,RealTimeInference,2395,RegionB,20.0,4.0,0.8333333333333334,2396.0,scheduled,RegionB,2395,2395.8333333333335,5.0,-10.497435897439548,0.0,0.0,0.3600000000000655
40802,BatchInference,2383,RegionB,80.0,16.0,4.25,2406.0,scheduled,RegionA,2393,2397.25,12.0,-492.7873015873011,0.0,0.0,9.18
40831,BatchInference,2394,RegionE,80.0,17.0,5.916666666666667,2406.0,scheduled,RegionE,2394,2399.9166666666665,5.0,-680.7267786561068,0.0,0.0,12.572916666666345
40898,AITraining,2380,RegionA,150.0,122.0,2.8666666666666667,2406.0,scheduled,RegionA,2388,2390.866666666667,5.0,-4490.607492063684,0.0,0.0,75.5424000000032
40966,BatchInference,2399,RegionB,80.0,20.0,5.083333333333333,2406.0,scheduled,RegionD,2399,2404.0833333333335,60.0,-633.4453804348036,0.0,0.0,13.013333333333723
41146,AITraining,2394,RegionF,150.0,57.0,1.7166666666666666,2406.0,scheduled,RegionF,2394,2395.7166666666667,5.0,-1121.3702227743497,0.0,0.0,19.883120000000353
41247,RealTimeInference,2395,RegionA,20.0,3.0,2.066666666666667,2398.0,scheduled,RegionA,2395,2397.0666666666666,5.0,-29.515682539681272,0.0,0.0,0.6695999999999803
41298,RealTimeInference,2383,RegionA,20.0,4.0,5.35,2389.0,scheduled,RegionA,2383,2388.35,5.0,-127.54184126983915,0.0,0.0,2.311199999999961
41348,AITraining,2377,RegionE,150.0,71.0,5.75,2406.0,scheduled,RegionC,2389,2394.75,70.0,-5293.829333333332,0.0,0.0,90.14159999999998
41410,AITraining,2391,RegionB,150.0,23.0,6.566666666666666,2406.0,scheduled,RegionB,2391,2397.5666666666666,5.0,-1834.2210598290426,0.0,0.0,32.623199999999706
41413,AITraining,2377,RegionE,150.0,54.0,4.2,2406.0,scheduled,RegionB,2389,2393.2,74.0,-2851.0852649571384,0.0,0.0,48.98879999999789
41451,RealTimeInference,2399,RegionA,20.0,4.0,6.6,2406.0,scheduled,RegionA,2399,2405.6,5.0,-161.21485714285478,0.0,0.0,2.851199999999961
41513,RealTimeInference,2381,RegionC,20.0,6.0,2.3833333333333333,2384.0,scheduled,RegionC,2381,2383.383333333333,5.0,-84.38986666666183,0.0,0.0,1.5787199999999193
41737,AITraining,2387,RegionF,150.0,21.0,6.066666666666666,2406.0,scheduled,RegionF,2399,2405.0666666666666,5.0,-1543.7162865424277,0.0,0.0,25.88767999999974
41891,BatchInference,2385,RegionC,80.0,15.0,2.65,2406.0,scheduled,RegionD,2393,2395.65,58.0,-240.0245652174018,0.0,0.0,5.088000000000175
41926,RealTimeInference,2376,RegionC,20.0,6.0,3.683333333333333,2380.0,scheduled,RegionC,2376,2379.6833333333334,5.0,-139.83484444444684,0.0,0.0,2.4398400000000398
41990,AITraining,2393,RegionD,150.0,22.0,0.4166666666666667,2406.0,scheduled,RegionE,2395,2395.4166666666665,22.0,-73.49802371537541,0.0,0.0,1.8333333333326665
42007,BatchInference,2388,RegionA,80.0,21.0,2.7333333333333334,2406.0,scheduled,RegionA,2388,2390.733333333333,5.0,-364.0542857142533,0.0,0.0,7.748999999999399
42018,AITraining,2394,RegionF,150.0,64.0,3.566666666666667,2406.0,scheduled,RegionF,2394,2397.5666666666666,5.0,-2703.2880695651697,0.0,0.0,46.383786666665884
42169,AITraining,2376,RegionF,150.0,58.0,5.933333333333334,2406.0,scheduled,RegionC,2376,2381.9333333333334,76.0,-4465.715437037082,0.0,0.0,75.98464000000077
42220,RealTimeInference,2397,RegionB,20.0,2.0,0.26666666666666666,2398.0,scheduled,RegionB,2397,2397.266666666667,5.0,6.091008547005858,0.0,0.0,0.057600000000045844
42258,RealTimeInference,2394,RegionB,20.0,6.0,2.7333333333333334,2397.0,scheduled,RegionB,2394,2396.733333333333,5.0,-93.5625982905904,0.0,0.0,1.7711999999998627
42499,AITraining,2381,RegionB,150.0,71.0,6.1,2406.0,scheduled,RegionC,2390,2396.1,14.0,-5694.819911111025,0.0,0.0,95.62847999999856
42578,AITraining,2399,RegionC,150.0,37.0,3.9166666666666665,2406.0,scheduled,RegionF,2399,2402.9166666666665,76.0,4880.484759254727,1954.7839999999999,2.10590384,21.928666666665528
42642,RealTimeInference,2382,RegionC,20.0,1.0,3.5,2386.0,scheduled,RegionC,2382,2385.5,5.0,-9.961777777777774,0.0,0.0,0.38639999999999997
42663,BatchInference,2388,RegionA,80.0,7.0,6.233333333333333,2406.0,scheduled,RegionD,2399,2405.233333333333,65.0,-255.8064456521627,0.0,0.0,5.585066666666477
42958,BatchInference,2395,RegionA,80.0,19.0,6.016666666666667,2406.0,scheduled,RegionE,2397,2403.016666666667,78.0,-761.4283596838242,0.0,0.0,14.289583333333837
43032,RealTimeInference,2388,RegionB,20.0,1.0,2.283333333333333,2391.0,scheduled,RegionB,2388,2390.2833333333333,5.0,-5.290017094016894,0.0,0.0,0.24659999999999677
43047,RealTimeInference,2383,RegionB,20.0,5.0,2.033333333333333,2386.0,scheduled,RegionB,2383,2385.0333333333333,5.0,-57.77914529914438,0.0,0.0,1.0979999999999837
43153,AITraining,2385,RegionF,150.0,36.0,1.3166666666666667,2406.0,scheduled,RegionF,2392,2393.3166666666666,5.0,-564.7020422359982,0.0,0.0,9.631679999999557
43240,RealTimeInference,2381,RegionA,20.0,7.0,6.583333333333333,2388.0,scheduled,RegionA,2381,2387.5833333333335,5.0,-289.14063492064184,0.0,0.0,4.977000000000115
43266,AITraining,2388,RegionA,150.0,103.0,0.9833333333333333,2406.0,scheduled,RegionA,2398,2398.983333333333,5.0,-1189.314539682262,0.0,0.0,21.87719999999528
43380,AITraining,2380,RegionD,150.0,50.0,1.2166666666666666,2406.0,scheduled,RegionD,2385,2386.2166666666667,5.0,-736.6504347826274,0.0,0.0,12.458666666666977
43423,AITraining,2398,RegionF,150.0,122.0,5.5,2406.0,scheduled,RegionF,2398,2403.5,5.0,3274.8417344726377,3435.250000000177,3.7008212500001907,123.13469999999931
43463,BatchInference,2388,RegionA,80.0,10.0,1.3333333333333333,2406.0,scheduled,RegionE,2388,2389.3333333333335,78.0,-12.632411067205044,0.0,0.0,1.6666666666668561
43531,BatchInference,2393,RegionC,80.0,18.0,2.466666666666667,2406.0,scheduled,RegionE,2399,2401.4666666666667,70.0,-250.98221343873868,0.0,0.0,5.550000000000068
43668,BatchInference,2380,RegionB,80.0,19.0,2.8333333333333335,2406.0,scheduled,RegionB,2393,2395.8333333333335,5.0,-414.314957264981,0.0,0.0,7.26750000000039
43690,AITraining,2377,RegionE,150.0,102.0,3.1333333333333333,2406.0,scheduled,RegionB,2396,2399.133333333333,74.0,-4040.2006153844563,0.0,0.0,69.03359999999734
43786,BatchInference,2399,RegionB,80.0,17.0,2.1,2406.0,scheduled,RegionE,2399,2401.1,74.0,1603.8404150197755,524.875,0.503625,2.3374999999998067
43953,BatchInference,2386,RegionE,80.0,17.0,2.7,2406.0,scheduled,RegionE,2388,2390.7,5.0,-334.50691699602424,0.0,0.0,5.7374999999996135
43993,BatchInference,2396,RegionE,80.0,16.0,3.6666666666666665,2406.0,scheduled,RegionE,2396,2399.6666666666665,5.0,-341.5256916995854,0.0,0.0,7.33333333333303
44279,RealTimeInference,2377,RegionB,20.0,1.0,2.85,2380.0,scheduled,RegionB,2377,2379.85,5.0,-11.89535042734959,0.0,0.0,0.3077999999999902
44439,BatchInference,2399,RegionE,80.0,6.0,5.616666666666666,2406.0,scheduled,RegionE,2399,2404.616666666667,5.0,-178.39031620553885,0.0,0.0,4.212500000000092
44602,RealTimeInference,2393,RegionC,20.0,4.0,5.666666666666667,2399.0,scheduled,RegionC,2393,2398.6666666666665,5.0,-140.92177777777377,0.0,0.0,2.502399999999933
44811,RealTimeInference,2392,RegionB,20.0,2.0,5.566666666666666,2398.0,scheduled,RegionB,2392,2397.5666666666666,5.0,-64.1183589743582,0.0,0.0,1.202399999999987
44983,AITraining,2384,RegionF,150.0,80.0,4.983333333333333,2406.0,scheduled,RegionB,2396,2400.983333333333,79.0,-5018.475555555337,0.0,0.0,86.11199999999634
45061,RealTimeInference,2383,RegionC,20.0,2.0,4.2,2388.0,scheduled,RegionC,2383,2387.2,5.0,-43.83048888888676,0.0,0.0,0.9273599999999598
45156,BatchInference,2388,RegionA,80.0,9.0,5.033333333333333,2406.0,scheduled,RegionA,2398,2403.0333333333333,5.0,-266.14904761904256,0.0,0.0,6.1154999999999635
45172,AITraining,2380,RegionE,150.0,73.0,2.3333333333333335,2406.0,scheduled,RegionB,2389,2391.3333333333335,74.0,-2105.3524786326216,0.0,0.0,36.79200000000239
45363,RealTimeInference,2391,RegionC,20.0,2.0,5.083333333333333,2397.0,scheduled,RegionC,2391,2396.0833333333335,5.0,-56.32918518518701,0.0,0.0,1.1224000000000336
45404,AITraining,2380,RegionF,150.0,74.0,2.25,2406.0,scheduled,RegionB,2392,2394.25,79.0,-2046.9357264957287,0.0,0.0,35.964
45529,RealTimeInference,2393,RegionA,20.0,4.0,6.1,2400.0,scheduled,RegionA,2393,2399.1,5.0,-145.71517460317222,0.0,0.0,2.6351999999999607
45583,BatchInference,2389,RegionB,80.0,13.0,5.533333333333333,2406.0,scheduled,RegionD,2393,2398.5333333333333,60.0,-465.97517391303893,0.0,0.0,9.207466666666617
45584,BatchInference,2378,RegionC,80.0,21.0,2.683333333333333,2406.0,scheduled,RegionB,2393,2395.6833333333334,14.0,-429.5973931624039,0.0,0.0,7.607250000000173
45731,BatchInference,2391,RegionE,80.0,14.0,4.2,2406.0,scheduled,RegionE,2395,2399.2,5.0,-427.92094861658154,0.0,0.0,7.349999999999683
45742,BatchInference,2385,RegionC,80.0,20.0,6.366666666666666,2406.0,scheduled,RegionA,2391,2397.366666666667,15.0,-984.6857142857334,0.0,0.0,17.190000000000328
45743,RealTimeInference,2377,RegionB,20.0,2.0,6.533333333333333,2384.0,scheduled,RegionB,2377,2383.5333333333333,5.0,-77.68909401709338,0.0,0.0,1.4111999999999936
45771,AITraining,2383,RegionF,150.0,77.0,4.616666666666666,2406.0,scheduled,RegionA,2393,2397.616666666667,82.0,-4464.384634920756,0.0,0.0,76.78440000000202
45879,RealTimeInference,2383,RegionB,20.0,3.0,4.383333333333334,2388.0,scheduled,RegionB,2383,2387.383333333333,5.0,-76.49576068375839,0.0,0.0,1.4201999999999608
45887,BatchInference,2394,RegionD,80.0,10.0,5.433333333333334,2406.0,scheduled,RegionD,2394,2399.4333333333334,5.0,-329.0014673913066,0.0,0.0,6.9546666666667445
45986,BatchInference,2395,RegionD,80.0,20.0,4.183333333333334,2406.0,scheduled,RegionD,2395,2399.1833333333334,5.0,-538.7787500000082,0.0,0.0,10.70933333333349
46011,AITraining,2395,RegionE,150.0,66.0,1.9666666666666666,2406.0,scheduled,RegionA,2395,2396.9666666666667,78.0,-1487.147682539705,0.0,0.0,28.036800000000433
46028,BatchInference,2397,RegionA,80.0,22.0,1.1166666666666667,2406.0,scheduled,RegionC,2397,2398.116666666667,15.0,-72.20829629631842,0.0,0.0,3.3902000000003683
46184,AITraining,2396,RegionF,150.0,99.0,6.5,2406.0,scheduled,RegionF,2396,2402.5,5.0,-7769.104795031054,0.0,0.0,130.7592
46192,AITraining,2386,RegionB,150.0,113.0,3.3,2406.0,scheduled,RegionB,2392,2395.3,5.0,-4733.407931624199,0.0,0.0,80.54640000000445
46280,AITraining,2381,RegionE,150.0,76.0,5.8,2406.0,scheduled,RegionC,2388,2393.8,70.0,-5692.036918518701,0.0,0.0,97.32864000000305
46424,AITraining,2390,RegionD,150.0,120.0,6.066666666666666,2406.0,scheduled,RegionA,2392,2398.0666666666666,65.0,-9253.245079364984,0.0,0.0,157.24799999999846
46582,AITraining,2384,RegionE,150.0,33.0,1.05,2406.0,scheduled,RegionE,2398,2399.05,5.0,-404.8711462451314,0.0,0.0,6.930000000001201
46688,AITraining,2378,RegionE,150.0,50.0,0.4666666666666667,2406.0,scheduled,RegionE,2381,2381.4666666666667,5.0,-271.16600790515633,0.0,0.0,4.66666666666697
46818,BatchInference,2397,RegionC,80.0,16.0,2.8333333333333335,2406.0,scheduled,RegionF,2397,2399.8333333333335,76.0,-159.76091097310297,0.0,0.0,5.757333333333642
46823,AITraining,2398,RegionD,150.0,109.0,2.9833333333333334,2406.0,scheduled,RegionD,2399,2401.983333333333,5.0,47518.021015400336,14564.784024002282,19.690735400003692,23.526106666653778
46875,BatchInference,2385,RegionB,80.0,18.0,6.166666666666667,2406.0,scheduled,RegionB,2397,2403.1666666666665,5.0,-860.1307692307496,0.0,0.0,14.984999999999632
46876,RealTimeInference,2380,RegionB,20.0,3.0,2.85,2383.0,scheduled,RegionB,2380,2382.85,5.0,-46.78006837606674,0.0,0.0,0.9233999999999706
46942,BatchInference,2399,RegionC,80.0,11.0,5.7,2406.0,scheduled,RegionE,2399,2404.7,70.0,-329.58596837943134,0.0,0.0,7.83749999999975
47013,AITraining,2389,RegionD,150.0,67.0,0.16666666666666666,2406.0,scheduled,RegionD,2389,2389.1666666666665,5.0,-106.21735869552703,0.0,0.0,2.2869333333312536
47090,AITraining,2392,RegionF,150.0,98.0,5.216666666666667,2406.0,scheduled,RegionD,2392,2397.2166666666667,25.0,-6211.241721739166,0.0,0.0,104.70058666666728
47260,RealTimeInference,2395,RegionD,20.0,3.0,3.4833333333333334,2399.0,scheduled,RegionD,2395,2398.483333333333,5.0,-58.85153913043091,0.0,0.0,1.0700799999999349
47419,AITraining,2382,RegionC,150.0,67.0,2.25,2406.0,scheduled,RegionA,2382,2384.25,15.0,-1899.8850793650797,0.0,0.0,32.562000000000005
47435,AITraining,2397,RegionE,150.0,28.0,6.516666666666667,2406.0,scheduled,RegionE,2397,2403.516666666667,5.0,-2160.3687747036283,0.0,0.0,36.493333333334526
47509,AITraining,2381,RegionF,150.0,71.0,2.6333333333333333,2406.0,scheduled,RegionB,2394,2396.633333333333,79.0,-2307.0486837605745,0.0,0.0,40.384799999998144
47613,BatchInference,2380,RegionD,80.0,22.0,5.333333333333333,2406.0,scheduled,RegionD,2384,2389.3333333333335,5.0,-894.0004347826346,0.0,0.0,15.018666666667096
47787,BatchInference,2392,RegionB,80.0,8.0,3.216666666666667,2406.0,scheduled,RegionB,2398,2401.2166666666667,5.0,-112.03487179487631,0.0,0.0,3.474000000000033
47967,BatchInference,2390,RegionD,80.0,20.0,3.183333333333333,2406.0,scheduled,RegionE,2396,2399.1833333333334,22.0,-445.5395256917087,0.0,0.0,7.958333333333485
47993,RealTimeInference,2377,RegionC,20.0,4.0,1.4666666666666666,2379.0,scheduled,RegionC,2377,2378.4666666666667,5.0,-31.583022222223022,0.0,0.0,0.6476800000000134
47997,RealTimeInference,2384,RegionA,20.0,6.0,4.066666666666666,2389.0,scheduled,RegionA,2384,2388.0666666666666,5.0,-145.56914285714026,0.0,0.0,2.6351999999999607
48004,RealTimeInference,2389,RegionA,20.0,6.0,0.8333333333333334,2390.0,scheduled,RegionA,2389,2389.8333333333335,5.0,-21.892063492069155,0.0,0.0,0.5400000000000983
48007,RealTimeInference,2386,RegionC,20.0,2.0,4.266666666666667,2391.0,scheduled,RegionC,2386,2390.266666666667,5.0,-47.3840592592617,0.0,0.0,0.9420800000000469
48396,RealTimeInference,2386,RegionA,20.0,2.0,2.683333333333333,2389.0,scheduled,RegionA,2386,2388.6833333333334,5.0,-22.690285714286542,0.0,0.0,0.5796000000000132
48528,AITraining,2398,RegionD,150.0,36.0,1.5166666666666666,2406.0,scheduled,RegionF,2398,2399.516666666667,25.0,-522.6065954452263,0.0,0.0,11.094720000001551
48579,AITraining,2399,RegionF,150.0,119.0,2.5,2406.0,scheduled,RegionD,2399,2401.5,25.0,54446.30486234783,16381.589504,22.2752768,12.185599999999999
48651,BatchInference,2393,RegionF,80.0,14.0,1.2333333333333334,2406.0,scheduled,RegionE,2399,2400.233333333333,18.0,-97.82213438732894,0.0,0.0,2.1583333333329624
48837,AITraining,2396,RegionD,150.0,23.0,3.85,2406.0,scheduled,RegionF,2396,2399.85,25.0,-955.5664033126038,0.0,0.0,17.993359999999576
49049,RealTimeInference,2377,RegionB,20.0,3.0,1.6333333333333333,2379.0,scheduled,RegionB,2377,2378.633333333333,5.0,-24.153709401706795,0.0,0.0,0.5291999999999607
49227,RealTimeInference,2396,RegionC,20.0,3.0,5.25,2402.0,scheduled,RegionC,2396,2401.25,5.0,-95.6168888888887,0.0,0.0,1.7387999999999997
49336,BatchInference,2382,RegionB,80.0,8.0,5.416666666666667,2406.0,scheduled,RegionB,2397,2402.4166666666665,5.0,-310.3897435897363,0.0,0.0,5.849999999999836
49525,BatchInference,2399,RegionB,80.0,16.0,3.1166666666666667,2406.0,scheduled,RegionF,2399,2402.116666666667,79.0,1553.4596968943956,528.32,0.5691632000000001,4.301066666666913
49550,AITraining,2397,RegionA,150.0,120.0,2.0,2406.0,scheduled,RegionC,2399,2401.0,15.0,72605.9620335809,23531.72600111276,26.00009370542932,9.635159999997768
49575,AITraining,2397,RegionF,150.0,27.0,3.216666666666667,2406.0,scheduled,RegionE,2397,2400.2166666666667,18.0,11.463675889448794,288.9900000000405,0.2772900000000388,16.200000000000003
49609,AITraining,2397,RegionA,150.0,38.0,1.1666666666666667,2406.0,scheduled,RegionF,2397,2398.1666666666665,82.0,-349.16003312622456,0.0,0.0,9.008533333332164
49617,RealTimeInference,2395,RegionA,20.0,3.0,4.266666666666667,2400.0,scheduled,RegionA,2395,2399.266666666667,5.0,-71.71225396825801,0.0,0.0,1.382400000000069
49640,AITraining,2395,RegionE,150.0,54.0,4.05,2406.0,scheduled,RegionE,2395,2399.05,5.0,-2548.415810276797,0.0,0.0,43.74000000000197
49684,RealTimeInference,2391,RegionB,20.0,1.0,1.75,2393.0,scheduled,RegionB,2391,2392.75,5.0,-3.1741880341882083,0.0,0.0,0.189
49940,RealTimeInference,2376,RegionB,20.0,6.0,1.55,2378.0,scheduled,RegionB,2376,2377.55,5.0,-53.00758974359682,0.0,0.0,1.0044000000001179
49968,AITraining,2384,RegionE,150.0,120.0,3.8666666666666667,2406.0,scheduled,RegionB,2388,2391.866666666667,74.0,-5854.359658119842,0.0,0.0,100.22400000000314
